Date,Start,End
2021-01-01 00:00:00,2021-01-01 09:00:00,2021-01-01 09:00:00
2021-01-02 00:00:00,2021-01-02 09:00:00,2021-01-02 09:00:00
2021-01-03 00:00:00,2021-01-03 09:00:00,2021-01-03 09:00:00
2021-01-04 00:00:00,2021-01-04 09:00:00,2021-01-04 09:00:00
2021-01-05 00:00:00,2021-01-05 09:00:00,2021-01-05 17:00:00
2021-01-06 00:00:00,2021-01-06 09:00:00,2021-01-06 17:00:00
2021-01-07 00:00:00,2021-01-07 09:00:00,2021-01-07 17:00:00
2021-01-08 00:00:00,2021-01-08 09:00:00,2021-01-08 17:00:00
2021-01-09 00:00:00,2021-01-09 09:00:00,2021-01-09 09:00:00
2021-01-10 00:00:00,2021-01-10 09:00:00,2021-01-10 09:00:00
2021-01-11 00:00:00,2021-01-11 09:00:00,2021-01-11 17:00:00
2021-01-12 00:00:00,2021-01-12 09:00:00,2021-01-12 17:00:00
2021-01-13 00:00:00,2021-01-13 09:00:00,2021-01-13 17:00:00
2021-01-14 00:00:00,2021-01-14 09:00:00,2021-01-14 17:00:00
2021-01-15 00:00:00,2021-01-15 09:00:00,2021-01-15 17:00:00
2021-01-16 00:00:00,2021-01-16 09:00:00,2021-01-16 09:00:00
2021-01-17 00:00:00,2021-01-17 09:00:00,2021-01-17 09:00:00
2021-01-18 00:00:00,2021-01-18 09:00:00,2021-01-18 17:00:00
2021-01-19 00:00:00,2021-01-19 09:00:00,2021-01-19 17:00:00
2021-01-20 00:00:00,2021-01-20 09:00:00,2021-01-20 17:00:00
2021-01-21 00:00:00,2021-01-21 09:00:00,2021-01-21 17:00:00
2021-01-22 00:00:00,2021-01-22 09:00:00,2021-01-22 17:00:00
2021-01-23 00:00:00,2021-01-23 09:00:00,2021-01-23 09:00:00
2021-01-24 00:00:00,2021-01-24 09:00:00,2021-01-24 09:00:00
2021-01-25 00:00:00,2021-01-25 09:00:00,2021-01-25 17:00:00
2021-01-26 00:00:00,2021-01-26 09:00:00,2021-01-26 17:00:00
2021-01-27 00:00:00,2021-01-27 09:00:00,2021-01-27 17:00:00
2021-01-28 00:00:00,2021-01-28 09:00:00,2021-01-28 17:00:00
2021-01-29 00:00:00,2021-01-29 09:00:00,2021-01-29 17:00:00
2021-01-30 00:00:00,2021-01-30 09:00:00,2021-01-30 09:00:00
2021-01-31 00:00:00,2021-01-31 09:00:00,2021-01-31 09:00:00
2021-02-01 00:00:00,2021-02-01 09:00:00,2021-02-01 17:00:00
2021-02-02 00:00:00,2021-02-02 09:00:00,2021-02-02 17:00:00
2021-02-03 00:00:00,2021-02-03 09:00:00,2021-02-03 17:00:00
2021-02-04 00:00:00,2021-02-04 09:00:00,2021-02-04 17:00:00
2021-02-05 00:00:00,2021-02-05 09:00:00,2021-02-05 17:00:00
2021-02-06 00:00:00,2021-02-06 09:00:00,2021-02-06 09:00:00
2021-02-07 00:00:00,2021-02-07 09:00:00,2021-02-07 09:00:00
2021-02-08 00:00:00,2021-02-08 09:00:00,2021-02-08 17:00:00
2021-02-09 00:00:00,2021-02-09 09:00:00,2021-02-09 17:00:00
2021-02-10 00:00:00,2021-02-10 09:00:00,2021-02-10 17:00:00
2021-02-11 00:00:00,2021-02-11 09:00:00,2021-02-11 17:00:00
2021-02-12 00:00:00,2021-02-12 09:00:00,2021-02-12 17:00:00
2021-02-13 00:00:00,2021-02-13 09:00:00,2021-02-13 09:00:00
2021-02-14 00:00:00,2021-02-14 09:00:00,2021-02-14 09:00:00
2021-02-15 00:00:00,2021-02-15 09:00:00,2021-02-15 17:00:00
2021-02-16 00:00:00,2021-02-16 09:00:00,2021-02-16 17:00:00
2021-02-17 00:00:00,2021-02-17 09:00:00,2021-02-17 17:00:00
2021-02-18 00:00:00,2021-02-18 09:00:00,2021-02-18 17:00:00
2021-02-19 00:00:00,2021-02-19 09:00:00,2021-02-19 17:00:00
2021-02-20 00:00:00,2021-02-20 09:00:00,2021-02-20 09:00:00
2021-02-21 00:00:00,2021-02-21 09:00:00,2021-02-21 09:00:00
2021-02-22 00:00:00,2021-02-22 09:00:00,2021-02-22 17:00:00
2021-02-23 00:00:00,2021-02-23 09:00:00,2021-02-23 17:00:00
2021-02-24 00:00:00,2021-02-24 09:00:00,2021-02-24 17:00:00
2021-02-25 00:00:00,2021-02-25 09:00:00,2021-02-25 17:00:00
2021-02-26 00:00:00,2021-02-26 09:00:00,2021-02-26 17:00:00
2021-02-27 00:00:00,2021-02-27 09:00:00,2021-02-27 09:00:00
2021-02-28 00:00:00,2021-02-28 09:00:00,2021-02-28 09:00:00
2021-03-01 00:00:00,2021-03-01 09:00:00,2021-03-01 17:00:00
2021-03-02 00:00:00,2021-03-02 09:00:00,2021-03-02 17:00:00
2021-03-03 00:00:00,2021-03-03 09:00:00,2021-03-03 17:00:00
2021-03-04 00:00:00,2021-03-04 09:00:00,2021-03-04 17:00:00
2021-03-05 00:00:00,2021-03-05 09:00:00,2021-03-05 17:00:00
2021-03-06 00:00:00,2021-03-06 09:00:00,2021-03-06 09:00:00
2021-03-07 00:00:00,2021-03-07 09:00:00,2021-03-07 09:00:00
2021-03-08 00:00:00,2021-03-08 09:00:00,2021-03-08 17:00:00
2021-03-09 00:00:00,2021-03-09 09:00:00,2021-03-09 17:00:00
2021-03-10 00:00:00,2021-03-10 09:00:00,2021-03-10 17:00:00
2021-03-11 00:00:00,2021-03-11 09:00:00,2021-03-11 17:00:00
2021-03-12 00:00:00,2021-03-12 09:00:00,2021-03-12 17:00:00
2021-03-13 00:00:00,2021-03-13 09:00:00,2021-03-13 09:00:00
2021-03-14 00:00:00,2021-03-14 09:00:00,2021-03-14 09:00:00
2021-03-15 00:00:00,2021-03-15 09:00:00,2021-03-15 17:00:00
2021-03-16 00:00:00,2021-03-16 09:00:00,2021-03-16 17:00:00
2021-03-17 00:00:00,2021-03-17 09:00:00,2021-03-17 17:00:00
2021-03-18 00:00:00,2021-03-18 09:00:00,2021-03-18 17:00:00
2021-03-19 00:00:00,2021-03-19 09:00:00,2021-03-19 17:00:00
2021-03-20 00:00:00,2021-03-20 09:00:00,2021-03-20 09:00:00
2021-03-21 00:00:00,2021-03-21 09:00:00,2021-03-21 09:00:00
2021-03-22 00:00:00,2021-03-22 09:00:00,2021-03-22 17:00:00
2021-03-23 00:00:00,2021-03-23 09:00:00,2021-03-23 17:00:00
2021-03-24 00:00:00,2021-03-24 09:00:00,2021-03-24 17:00:00
2021-03-25 00:00:00,2021-03-25 09:00:00,2021-03-25 17:00:00
2021-03-26 00:00:00,2021-03-26 09:00:00,2021-03-26 17:00:00
2021-03-27 00:00:00,2021-03-27 09:00:00,2021-03-27 09:00:00
2021-03-28 00:00:00,2021-03-28 09:00:00,2021-03-28 09:00:00
2021-03-29 00:00:00,2021-03-29 09:00:00,2021-03-29 17:00:00
2021-03-30 00:00:00,2021-03-30 09:00:00,2021-03-30 17:00:00
2021-03-31 00:00:00,2021-03-31 09:00:00,2021-03-31 17:00:00
2021-04-01 00:00:00,2021-04-01 09:00:00,2021-04-01 17:00:00
2021-04-02 00:00:00,2021-04-02 09:00:00,2021-04-02 09:00:00
2021-04-03 00:00:00,2021-04-03 09:00:00,2021-04-03 09:00:00
2021-04-04 00:00:00,2021-04-04 09:00:00,2021-04-04 09:00:00
2021-04-05 00:00:00,2021-04-05 09:00:00,2021-04-05 09:00:00
2021-04-06 00:00:00,2021-04-06 09:00:00,2021-04-06 17:00:00
2021-04-07 00:00:00,2021-04-07 09:00:00,2021-04-07 17:00:00
2021-04-08 00:00:00,2021-04-08 09:00:00,2021-04-08 17:00:00
2021-04-09 00:00:00,2021-04-09 09:00:00,2021-04-09 17:00:00
2021-04-10 00:00:00,2021-04-10 09:00:00,2021-04-10 09:00:00
2021-04-11 00:00:00,2021-04-11 09:00:00,2021-04-11 09:00:00
2021-04-12 00:00:00,2021-04-12 09:00:00,2021-04-12 17:00:00
2021-04-13 00:00:00,2021-04-13 09:00:00,2021-04-13 17:00:00
2021-04-14 00:00:00,2021-04-14 09:00:00,2021-04-14 17:00:00
2021-04-15 00:00:00,2021-04-15 09:00:00,2021-04-15 17:00:00
2021-04-16 00:00:00,2021-04-16 09:00:00,2021-04-16 17:00:00
2021-04-17 00:00:00,2021-04-17 09:00:00,2021-04-17 09:00:00
2021-04-18 00:00:00,2021-04-18 09:00:00,2021-04-18 09:00:00
2021-04-19 00:00:00,2021-04-19 09:00:00,2021-04-19 17:00:00
2021-04-20 00:00:00,2021-04-20 09:00:00,2021-04-20 17:00:00
2021-04-21 00:00:00,2021-04-21 09:00:00,2021-04-21 17:00:00
2021-04-22 00:00:00,2021-04-22 09:00:00,2021-04-22 17:00:00
2021-04-23 00:00:00,2021-04-23 09:00:00,2021-04-23 17:00:00
2021-04-24 00:00:00,2021-04-24 09:00:00,2021-04-24 09:00:00
2021-04-25 00:00:00,2021-04-25 09:00:00,2021-04-25 09:00:00
2021-04-26 00:00:00,2021-04-26 09:00:00,2021-04-26 17:00:00
2021-04-27 00:00:00,2021-04-27 09:00:00,2021-04-27 17:00:00
2021-04-28 00:00:00,2021-04-28 09:00:00,2021-04-28 17:00:00
2021-04-29 00:00:00,2021-04-29 09:00:00,2021-04-29 17:00:00
2021-04-30 00:00:00,2021-04-30 09:00:00,2021-04-30 17:00:00
2021-05-01 00:00:00,2021-05-01 09:00:00,2021-05-01 09:00:00
2021-05-02 00:00:00,2021-05-02 09:00:00,2021-05-02 09:00:00
2021-05-03 00:00:00,2021-05-03 09:00:00,2021-05-03 17:00:00
2021-05-04 00:00:00,2021-05-04 09:00:00,2021-05-04 17:00:00
2021-05-05 00:00:00,2021-05-05 09:00:00,2021-05-05 17:00:00
2021-05-06 00:00:00,2021-05-06 09:00:00,2021-05-06 17:00:00
2021-05-07 00:00:00,2021-05-07 09:00:00,2021-05-07 17:00:00
2021-05-08 00:00:00,2021-05-08 09:00:00,2021-05-08 09:00:00
2021-05-09 00:00:00,2021-05-09 09:00:00,2021-05-09 09:00:00
2021-05-10 00:00:00,2021-05-10 09:00:00,2021-05-10 17:00:00
2021-05-11 00:00:00,2021-05-11 09:00:00,2021-05-11 17:00:00
2021-05-12 00:00:00,2021-05-12 09:00:00,2021-05-12 17:00:00
2021-05-13 00:00:00,2021-05-13 09:00:00,2021-05-13 17:00:00
2021-05-14 00:00:00,2021-05-14 09:00:00,2021-05-14 17:00:00
2021-05-15 00:00:00,2021-05-15 09:00:00,2021-05-15 09:00:00
2021-05-16 00:00:00,2021-05-16 09:00:00,2021-05-16 09:00:00
2021-05-17 00:00:00,2021-05-17 09:00:00,2021-05-17 17:00:00
2021-05-18 00:00:00,2021-05-18 09:00:00,2021-05-18 17:00:00
2021-05-19 00:00:00,2021-05-19 09:00:00,2021-05-19 17:00:00
2021-05-20 00:00:00,2021-05-20 09:00:00,2021-05-20 17:00:00
2021-05-21 00:00:00,2021-05-21 09:00:00,2021-05-21 17:00:00
2021-05-22 00:00:00,2021-05-22 09:00:00,2021-05-22 09:00:00
2021-05-23 00:00:00,2021-05-23 09:00:00,2021-05-23 09:00:00
2021-05-24 00:00:00,2021-05-24 09:00:00,2021-05-24 17:00:00
2021-05-25 00:00:00,2021-05-25 09:00:00,2021-05-25 17:00:00
2021-05-26 00:00:00,2021-05-26 09:00:00,2021-05-26 17:00:00
2021-05-27 00:00:00,2021-05-27 09:00:00,2021-05-27 17:00:00
2021-05-28 00:00:00,2021-05-28 09:00:00,2021-05-28 17:00:00
2021-05-29 00:00:00,2021-05-29 09:00:00,2021-05-29 09:00:00
2021-05-30 00:00:00,2021-05-30 09:00:00,2021-05-30 09:00:00
2021-05-31 00:00:00,2021-05-31 09:00:00,2021-05-31 17:00:00
2021-06-01 00:00:00,2021-06-01 09:00:00,2021-06-01 17:00:00
2021-06-02 00:00:00,2021-06-02 09:00:00,2021-06-02 17:00:00
2021-06-03 00:00:00,2021-06-03 09:00:00,2021-06-03 17:00:00
2021-06-04 00:00:00,2021-06-04 09:00:00,2021-06-04 17:00:00
2021-06-05 00:00:00,2021-06-05 09:00:00,2021-06-05 09:00:00
2021-06-06 00:00:00,2021-06-06 09:00:00,2021-06-06 09:00:00
2021-06-07 00:00:00,2021-06-07 09:00:00,2021-06-07 17:00:00
2021-06-08 00:00:00,2021-06-08 09:00:00,2021-06-08 17:00:00
2021-06-09 00:00:00,2021-06-09 09:00:00,2021-06-09 17:00:00
2021-06-10 00:00:00,2021-06-10 09:00:00,2021-06-10 17:00:00
2021-06-11 00:00:00,2021-06-11 09:00:00,2021-06-11 17:00:00
2021-06-12 00:00:00,2021-06-12 09:00:00,2021-06-12 09:00:00
2021-06-13 00:00:00,2021-06-13 09:00:00,2021-06-13 09:00:00
2021-06-14 00:00:00,2021-06-14 09:00:00,2021-06-14 17:00:00
2021-06-15 00:00:00,2021-06-15 09:00:00,2021-06-15 17:00:00
2021-06-16 00:00:00,2021-06-16 09:00:00,2021-06-16 17:00:00
2021-06-17 00:00:00,2021-06-17 09:00:00,2021-06-17 17:00:00
2021-06-18 00:00:00,2021-06-18 09:00:00,2021-06-18 17:00:00
2021-06-19 00:00:00,2021-06-19 09:00:00,2021-06-19 09:00:00
2021-06-20 00:00:00,2021-06-20 09:00:00,2021-06-20 09:00:00
2021-06-21 00:00:00,2021-06-21 09:00:00,2021-06-21 17:00:00
2021-06-22 00:00:00,2021-06-22 09:00:00,2021-06-22 17:00:00
2021-06-23 00:00:00,2021-06-23 09:00:00,2021-06-23 17:00:00
2021-06-24 00:00:00,2021-06-24 09:00:00,2021-06-24 17:00:00
2021-06-25 00:00:00,2021-06-25 09:00:00,2021-06-25 17:00:00
2021-06-26 00:00:00,2021-06-26 09:00:00,2021-06-26 09:00:00
2021-06-27 00:00:00,2021-06-27 09:00:00,2021-06-27 09:00:00
2021-06-28 00:00:00,2021-06-28 09:00:00,2021-06-28 17:00:00
2021-06-29 00:00:00,2021-06-29 09:00:00,2021-06-29 17:00:00
2021-06-30 00:00:00,2021-06-30 09:00:00,2021-06-30 17:00:00
2021-07-01 00:00:00,2021-07-01 09:00:00,2021-07-01 17:00:00
2021-07-02 00:00:00,2021-07-02 09:00:00,2021-07-02 17:00:00
2021-07-03 00:00:00,2021-07-03 09:00:00,2021-07-03 09:00:00
2021-07-04 00:00:00,2021-07-04 09:00:00,2021-07-04 09:00:00
2021-07-05 00:00:00,2021-07-05 09:00:00,2021-07-05 17:00:00
2021-07-06 00:00:00,2021-07-06 09:00:00,2021-07-06 17:00:00
2021-07-07 00:00:00,2021-07-07 09:00:00,2021-07-07 17:00:00
2021-07-08 00:00:00,2021-07-08 09:00:00,2021-07-08 17:00:00
2021-07-09 00:00:00,2021-07-09 09:00:00,2021-07-09 17:00:00
2021-07-10 00:00:00,2021-07-10 09:00:00,2021-07-10 09:00:00
2021-07-11 00:00:00,2021-07-11 09:00:00,2021-07-11 09:00:00
2021-07-12 00:00:00,2021-07-12 09:00:00,2021-07-12 17:00:00
2021-07-13 00:00:00,2021-07-13 09:00:00,2021-07-13 17:00:00
2021-07-14 00:00:00,2021-07-14 09:00:00,2021-07-14 17:00:00
2021-07-15 00:00:00,2021-07-15 09:00:00,2021-07-15 17:00:00
2021-07-16 00:00:00,2021-07-16 09:00:00,2021-07-16 17:00:00
2021-07-17 00:00:00,2021-07-17 09:00:00,2021-07-17 09:00:00
2021-07-18 00:00:00,2021-07-18 09:00:00,2021-07-18 09:00:00
2021-07-19 00:00:00,2021-07-19 09:00:00,2021-07-19 17:00:00
2021-07-20 00:00:00,2021-07-20 09:00:00,2021-07-20 17:00:00
2021-07-21 00:00:00,2021-07-21 09:00:00,2021-07-21 17:00:00
2021-07-22 00:00:00,2021-07-22 09:00:00,2021-07-22 17:00:00
2021-07-23 00:00:00,2021-07-23 09:00:00,2021-07-23 17:00:00
2021-07-24 00:00:00,2021-07-24 09:00:00,2021-07-24 09:00:00
2021-07-25 00:00:00,2021-07-25 09:00:00,2021-07-25 09:00:00
2021-07-26 00:00:00,2021-07-26 09:00:00,2021-07-26 17:00:00
2021-07-27 00:00:00,2021-07-27 09:00:00,2021-07-27 17:00:00
2021-07-28 00:00:00,2021-07-28 09:00:00,2021-07-28 17:00:00
2021-07-29 00:00:00,2021-07-29 09:00:00,2021-07-29 17:00:00
2021-07-30 00:00:00,2021-07-30 09:00:00,2021-07-30 17:00:00
2021-07-31 00:00:00,2021-07-31 09:00:00,2021-07-31 09:00:00
2021-08-01 00:00:00,2021-08-01 09:00:00,2021-08-01 09:00:00
2021-08-02 00:00:00,2021-08-02 09:00:00,2021-08-02 17:00:00
2021-08-03 00:00:00,2021-08-03 09:00:00,2021-08-03 17:00:00
2021-08-04 00:00:00,2021-08-04 09:00:00,2021-08-04 17:00:00
2021-08-05 00:00:00,2021-08-05 09:00:00,2021-08-05 17:00:00
2021-08-06 00:00:00,2021-08-06 09:00:00,2021-08-06 17:00:00
2021-08-07 00:00:00,2021-08-07 09:00:00,2021-08-07 09:00:00
2021-08-08 00:00:00,2021-08-08 09:00:00,2021-08-08 09:00:00
2021-08-09 00:00:00,2021-08-09 09:00:00,2021-08-09 17:00:00
2021-08-10 00:00:00,2021-08-10 09:00:00,2021-08-10 17:00:00
2021-08-11 00:00:00,2021-08-11 09:00:00,2021-08-11 17:00:00
2021-08-12 00:00:00,2021-08-12 09:00:00,2021-08-12 17:00:00
2021-08-13 00:00:00,2021-08-13 09:00:00,2021-08-13 17:00:00
2021-08-14 00:00:00,2021-08-14 09:00:00,2021-08-14 09:00:00
2021-08-15 00:00:00,2021-08-15 09:00:00,2021-08-15 09:00:00
2021-08-16 00:00:00,2021-08-16 09:00:00,2021-08-16 17:00:00
2021-08-17 00:00:00,2021-08-17 09:00:00,2021-08-17 17:00:00
2021-08-18 00:00:00,2021-08-18 09:00:00,2021-08-18 17:00:00
2021-08-19 00:00:00,2021-08-19 09:00:00,2021-08-19 17:00:00
2021-08-20 00:00:00,2021-08-20 09:00:00,2021-08-20 17:00:00
2021-08-21 00:00:00,2021-08-21 09:00:00,2021-08-21 09:00:00
2021-08-22 00:00:00,2021-08-22 09:00:00,2021-08-22 09:00:00
2021-08-23 00:00:00,2021-08-23 09:00:00,2021-08-23 17:00:00
2021-08-24 00:00:00,2021-08-24 09:00:00,2021-08-24 17:00:00
2021-08-25 00:00:00,2021-08-25 09:00:00,2021-08-25 17:00:00
2021-08-26 00:00:00,2021-08-26 09:00:00,2021-08-26 17:00:00
2021-08-27 00:00:00,2021-08-27 09:00:00,2021-08-27 17:00:00
2021-08-28 00:00:00,2021-08-28 09:00:00,2021-08-28 09:00:00
2021-08-29 00:00:00,2021-08-29 09:00:00,2021-08-29 09:00:00
2021-08-30 00:00:00,2021-08-30 09:00:00,2021-08-30 17:00:00
2021-08-31 00:00:00,2021-08-31 09:00:00,2021-08-31 17:00:00
2021-09-01 00:00:00,2021-09-01 09:00:00,2021-09-01 17:00:00
2021-09-02 00:00:00,2021-09-02 09:00:00,2021-09-02 17:00:00
2021-09-03 00:00:00,2021-09-03 09:00:00,2021-09-03 17:00:00
2021-09-04 00:00:00,2021-09-04 09:00:00,2021-09-04 09:00:00
2021-09-05 00:00:00,2021-09-05 09:00:00,2021-09-05 09:00:00
2021-09-06 00:00:00,2021-09-06 09:00:00,2021-09-06 17:00:00
2021-09-07 00:00:00,2021-09-07 09:00:00,2021-09-07 17:00:00
2021-09-08 00:00:00,2021-09-08 09:00:00,2021-09-08 17:00:00
2021-09-09 00:00:00,2021-09-09 09:00:00,2021-09-09 17:00:00
2021-09-10 00:00:00,2021-09-10 09:00:00,2021-09-10 17:00:00
2021-09-11 00:00:00,2021-09-11 09:00:00,2021-09-11 09:00:00
2021-09-12 00:00:00,2021-09-12 09:00:00,2021-09-12 09:00:00
2021-09-13 00:00:00,2021-09-13 09:00:00,2021-09-13 17:00:00
2021-09-14 00:00:00,2021-09-14 09:00:00,2021-09-14 17:00:00
2021-09-15 00:00:00,2021-09-15 09:00:00,2021-09-15 17:00:00
2021-09-16 00:00:00,2021-09-16 09:00:00,2021-09-16 17:00:00
2021-09-17 00:00:00,2021-09-17 09:00:00,2021-09-17 17:00:00
2021-09-18 00:00:00,2021-09-18 09:00:00,2021-09-18 09:00:00
2021-09-19 00:00:00,2021-09-19 09:00:00,2021-09-19 09:00:00
2021-09-20 00:00:00,2021-09-20 09:00:00,2021-09-20 17:00:00
2021-09-21 00:00:00,2021-09-21 09:00:00,2021-09-21 17:00:00
2021-09-22 00:00:00,2021-09-22 09:00:00,2021-09-22 17:00:00
2021-09-23 00:00:00,2021-09-23 09:00:00,2021-09-23 17:00:00
2021-09-24 00:00:00,2021-09-24 09:00:00,2021-09-24 17:00:00
2021-09-25 00:00:00,2021-09-25 09:00:00,2021-09-25 09:00:00
2021-09-26 00:00:00,2021-09-26 09:00:00,2021-09-26 09:00:00
2021-09-27 00:00:00,2021-09-27 09:00:00,2021-09-27 17:00:00
2021-09-28 00:00:00,2021-09-28 09:00:00,2021-09-28 17:00:00
2021-09-29 00:00:00,2021-09-29 09:00:00,2021-09-29 17:00:00
2021-09-30 00:00:00,2021-09-30 09:00:00,2021-09-30 17:00:00
2021-10-01 00:00:00,2021-10-01 09:00:00,2021-10-01 17:00:00
2021-10-02 00:00:00,2021-10-02 09:00:00,2021-10-02 09:00:00
2021-10-03 00:00:00,2021-10-03 09:00:00,2021-10-03 09:00:00
2021-10-04 00:00:00,2021-10-04 09:00:00,2021-10-04 17:00:00
2021-10-05 00:00:00,2021-10-05 09:00:00,2021-10-05 17:00:00
2021-10-06 00:00:00,2021-10-06 09:00:00,2021-10-06 17:00:00
2021-10-07 00:00:00,2021-10-07 09:00:00,2021-10-07 17:00:00
2021-10-08 00:00:00,2021-10-08 09:00:00,2021-10-08 17:00:00
2021-10-09 00:00:00,2021-10-09 09:00:00,2021-10-09 09:00:00
2021-10-10 00:00:00,2021-10-10 09:00:00,2021-10-10 09:00:00
2021-10-11 00:00:00,2021-10-11 09:00:00,2021-10-11 17:00:00
2021-10-12 00:00:00,2021-10-12 09:00:00,2021-10-12 17:00:00
2021-10-13 00:00:00,2021-10-13 09:00:00,2021-10-13 17:00:00
2021-10-14 00:00:00,2021-10-14 09:00:00,2021-10-14 17:00:00
2021-10-15 00:00:00,2021-10-15 09:00:00,2021-10-15 17:00:00
2021-10-16 00:00:00,2021-10-16 09:00:00,2021-10-16 09:00:00
2021-10-17 00:00:00,2021-10-17 09:00:00,2021-10-17 09:00:00
2021-10-18 00:00:00,2021-10-18 09:00:00,2021-10-18 17:00:00
2021-10-19 00:00:00,2021-10-19 09:00:00,2021-10-19 17:00:00
2021-10-20 00:00:00,2021-10-20 09:00:00,2021-10-20 17:00:00
2021-10-21 00:00:00,2021-10-21 09:00:00,2021-10-21 17:00:00
2021-10-22 00:00:00,2021-10-22 09:00:00,2021-10-22 17:00:00
2021-10-23 00:00:00,2021-10-23 09:00:00,2021-10-23 09:00:00
2021-10-24 00:00:00,2021-10-24 09:00:00,2021-10-24 09:00:00
2021-10-25 00:00:00,2021-10-25 09:00:00,2021-10-25 17:00:00
2021-10-26 00:00:00,2021-10-26 09:00:00,2021-10-26 17:00:00
2021-10-27 00:00:00,2021-10-27 09:00:00,2021-10-27 17:00:00
2021-10-28 00:00:00,2021-10-28 09:00:00,2021-10-28 17:00:00
2021-10-29 00:00:00,2021-10-29 09:00:00,2021-10-29 17:00:00
2021-10-30 00:00:00,2021-10-30 09:00:00,2021-10-30 09:00:00
2021-10-31 00:00:00,2021-10-31 09:00:00,2021-10-31 09:00:00
2021-11-01 00:00:00,2021-11-01 09:00:00,2021-11-01 17:00:00
2021-11-02 00:00:00,2021-11-02 09:00:00,2021-11-02 17:00:00
2021-11-03 00:00:00,2021-11-03 09:00:00,2021-11-03 17:00:00
2021-11-04 00:00:00,2021-11-04 09:00:00,2021-11-04 17:00:00
2021-11-05 00:00:00,2021-11-05 09:00:00,2021-11-05 17:00:00
2021-11-06 00:00:00,2021-11-06 09:00:00,2021-11-06 09:00:00
2021-11-07 00:00:00,2021-11-07 09:00:00,2021-11-07 09:00:00
2021-11-08 00:00:00,2021-11-08 09:00:00,2021-11-08 17:00:00
2021-11-09 00:00:00,2021-11-09 09:00:00,2021-11-09 17:00:00
2021-11-10 00:00:00,2021-11-10 09:00:00,2021-11-10 17:00:00
2021-11-11 00:00:00,2021-11-11 09:00:00,2021-11-11 17:00:00
2021-11-12 00:00:00,2021-11-12 09:00:00,2021-11-12 17:00:00
2021-11-13 00:00:00,2021-11-13 09:00:00,2021-11-13 09:00:00
2021-11-14 00:00:00,2021-11-14 09:00:00,2021-11-14 09:00:00
2021-11-15 00:00:00,2021-11-15 09:00:00,2021-11-15 17:00:00
2021-11-16 00:00:00,2021-11-16 09:00:00,2021-11-16 17:00:00
2021-11-17 00:00:00,2021-11-17 09:00:00,2021-11-17 17:00:00
2021-11-18 00:00:00,2021-11-18 09:00:00,2021-11-18 17:00:00
2021-11-19 00:00:00,2021-11-19 09:00:00,2021-11-19 17:00:00
2021-11-20 00:00:00,2021-11-20 09:00:00,2021-11-20 09:00:00
2021-11-21 00:00:00,2021-11-21 09:00:00,2021-11-21 09:00:00
2021-11-22 00:00:00,2021-11-22 09:00:00,2021-11-22 17:00:00
2021-11-23 00:00:00,2021-11-23 09:00:00,2021-11-23 17:00:00
2021-11-24 00:00:00,2021-11-24 09:00:00,2021-11-24 17:00:00
2021-11-25 00:00:00,2021-11-25 09:00:00,2021-11-25 17:00:00
2021-11-26 00:00:00,2021-11-26 09:00:00,2021-11-26 17:00:00
2021-11-27 00:00:00,2021-11-27 09:00:00,2021-11-27 09:00:00
2021-11-28 00:00:00,2021-11-28 09:00:00,2021-11-28 09:00:00
2021-11-29 00:00:00,2021-11-29 09:00:00,2021-11-29 17:00:00
2021-11-30 00:00:00,2021-11-30 09:00:00,2021-11-30 17:00:00
2021-12-01 00:00:00,2021-12-01 09:00:00,2021-12-01 17:00:00
2021-12-02 00:00:00,2021-12-02 09:00:00,2021-12-02 17:00:00
2021-12-03 00:00:00,2021-12-03 09:00:00,2021-12-03 17:00:00
2021-12-04 00:00:00,2021-12-04 09:00:00,2021-12-04 09:00:00
2021-12-05 00:00:00,2021-12-05 09:00:00,2021-12-05 09:00:00
2021-12-06 00:00:00,2021-12-06 09:00:00,2021-12-06 17:00:00
2021-12-07 00:00:00,2021-12-07 09:00:00,2021-12-07 17:00:00
2021-12-08 00:00:00,2021-12-08 09:00:00,2021-12-08 17:00:00
2021-12-09 00:00:00,2021-12-09 09:00:00,2021-12-09 17:00:00
2021-12-10 00:00:00,2021-12-10 09:00:00,2021-12-10 17:00:00
2021-12-11 00:00:00,2021-12-11 09:00:00,2021-12-11 09:00:00
2021-12-12 00:00:00,2021-12-12 09:00:00,2021-12-12 09:00:00
2021-12-13 00:00:00,2021-12-13 09:00:00,2021-12-13 17:00:00
2021-12-14 00:00:00,2021-12-14 09:00:00,2021-12-14 17:00:00
2021-12-15 00:00:00,2021-12-15 09:00:00,2021-12-15 17:00:00
2021-12-16 00:00:00,2021-12-16 09:00:00,2021-12-16 17:00:00
2021-12-17 00:00:00,2021-12-17 09:00:00,2021-12-17 17:00:00
2021-12-18 00:00:00,2021-12-18 09:00:00,2021-12-18 09:00:00
2021-12-19 00:00:00,2021-12-19 09:00:00,2021-12-19 09:00:00
2021-12-20 00:00:00,2021-12-20 09:00:00,2021-12-20 17:00:00
2021-12-21 00:00:00,2021-12-21 09:00:00,2021-12-21 17:00:00
2021-12-22 00:00:00,2021-12-22 09:00:00,2021-12-22 17:00:00
2021-12-23 00:00:00,2021-12-23 09:00:00,2021-12-23 17:00:00
2021-12-24 00:00:00,2021-12-24 09:00:00,2021-12-24 13:00:00
2021-12-25 00:00:00,2021-12-25 09:00:00,2021-12-25 09:00:00
2021-12-26 00:00:00,2021-12-26 09:00:00,2021-12-26 09:00:00
2021-12-27 00:00:00,2021-12-27 09:00:00,2021-12-27 09:00:00
2021-12-28 00:00:00,2021-12-28 09:00:00,2021-12-28 09:00:00
2021-12-29 00:00:00,2021-12-29 09:00:00,2021-12-29 09:00:00
2021-12-30 00:00:00,2021-12-30 09:00:00,2021-12-30 09:00:00
2021-12-31 00:00:00,2021-12-31 09:00:00,2021-12-31 09:00:00
2022-01-01 00:00:00,2022-01-01 09:00:00,2022-01-01 09:00:00
2022-01-02 00:00:00,2022-01-02 09:00:00,2022-01-02 09:00:00
2022-01-03 00:00:00,2022-01-03 09:00:00,2022-01-03 09:00:00
2022-01-04 00:00:00,2022-01-04 09:00:00,2022-01-04 17:00:00
2022-01-05 00:00:00,2022-01-05 09:00:00,2022-01-05 17:00:00
2022-01-06 00:00:00,2022-01-06 09:00:00,2022-01-06 17:00:00
2022-01-07 00:00:00,2022-01-07 09:00:00,2022-01-07 17:00:00
2022-01-08 00:00:00,2022-01-08 09:00:00,2022-01-08 09:00:00
2022-01-09 00:00:00,2022-01-09 09:00:00,2022-01-09 09:00:00
2022-01-10 00:00:00,2022-01-10 09:00:00,2022-01-10 17:00:00
2022-01-11 00:00:00,2022-01-11 09:00:00,2022-01-11 17:00:00
2022-01-12 00:00:00,2022-01-12 09:00:00,2022-01-12 17:00:00
2022-01-13 00:00:00,2022-01-13 09:00:00,2022-01-13 17:00:00
2022-01-14 00:00:00,2022-01-14 09:00:00,2022-01-14 17:00:00
2022-01-15 00:00:00,2022-01-15 09:00:00,2022-01-15 09:00:00
2022-01-16 00:00:00,2022-01-16 09:00:00,2022-01-16 09:00:00
2022-01-17 00:00:00,2022-01-17 09:00:00,2022-01-17 17:00:00
2022-01-18 00:00:00,2022-01-18 09:00:00,2022-01-18 17:00:00
2022-01-19 00:00:00,2022-01-19 09:00:00,2022-01-19 17:00:00
2022-01-20 00:00:00,2022-01-20 09:00:00,2022-01-20 17:00:00
2022-01-21 00:00:00,2022-01-21 09:00:00,2022-01-21 17:00:00
2022-01-22 00:00:00,2022-01-22 09:00:00,2022-01-22 09:00:00
2022-01-23 00:00:00,2022-01-23 09:00:00,2022-01-23 09:00:00
2022-01-24 00:00:00,2022-01-24 09:00:00,2022-01-24 17:00:00
2022-01-25 00:00:00,2022-01-25 09:00:00,2022-01-25 17:00:00
2022-01-26 00:00:00,2022-01-26 09:00:00,2022-01-26 17:00:00
2022-01-27 00:00:00,2022-01-27 09:00:00,2022-01-27 17:00:00
2022-01-28 00:00:00,2022-01-28 09:00:00,2022-01-28 17:00:00
2022-01-29 00:00:00,2022-01-29 09:00:00,2022-01-29 09:00:00
2022-01-30 00:00:00,2022-01-30 09:00:00,2022-01-30 09:00:00
2022-01-31 00:00:00,2022-01-31 09:00:00,2022-01-31 17:00:00
2022-02-01 00:00:00,2022-02-01 09:00:00,2022-02-01 17:00:00
2022-02-02 00:00:00,2022-02-02 09:00:00,2022-02-02 17:00:00
2022-02-03 00:00:00,2022-02-03 09:00:00,2022-02-03 17:00:00
2022-02-04 00:00:00,2022-02-04 09:00:00,2022-02-04 17:00:00
2022-02-05 00:00:00,2022-02-05 09:00:00,2022-02-05 09:00:00
2022-02-06 00:00:00,2022-02-06 09:00:00,2022-02-06 09:00:00
2022-02-07 00:00:00,2022-02-07 09:00:00,2022-02-07 17:00:00
2022-02-08 00:00:00,2022-02-08 09:00:00,2022-02-08 17:00:00
2022-02-09 00:00:00,2022-02-09 09:00:00,2022-02-09 17:00:00
2022-02-10 00:00:00,2022-02-10 09:00:00,2022-02-10 17:00:00
2022-02-11 00:00:00,2022-02-11 09:00:00,2022-02-11 17:00:00
2022-02-12 00:00:00,2022-02-12 09:00:00,2022-02-12 09:00:00
2022-02-13 00:00:00,2022-02-13 09:00:00,2022-02-13 09:00:00
2022-02-14 00:00:00,2022-02-14 09:00:00,2022-02-14 17:00:00
2022-02-15 00:00:00,2022-02-15 09:00:00,2022-02-15 17:00:00
2022-02-16 00:00:00,2022-02-16 09:00:00,2022-02-16 17:00:00
2022-02-17 00:00:00,2022-02-17 09:00:00,2022-02-17 17:00:00
2022-02-18 00:00:00,2022-02-18 09:00:00,2022-02-18 17:00:00
2022-02-19 00:00:00,2022-02-19 09:00:00,2022-02-19 09:00:00
2022-02-20 00:00:00,2022-02-20 09:00:00,2022-02-20 09:00:00
2022-02-21 00:00:00,2022-02-21 09:00:00,2022-02-21 17:00:00
2022-02-22 00:00:00,2022-02-22 09:00:00,2022-02-22 17:00:00
2022-02-23 00:00:00,2022-02-23 09:00:00,2022-02-23 17:00:00
2022-02-24 00:00:00,2022-02-24 09:00:00,2022-02-24 17:00:00
2022-02-25 00:00:00,2022-02-25 09:00:00,2022-02-25 17:00:00
2022-02-26 00:00:00,2022-02-26 09:00:00,2022-02-26 09:00:00
2022-02-27 00:00:00,2022-02-27 09:00:00,2022-02-27 09:00:00
2022-02-28 00:00:00,2022-02-28 09:00:00,2022-02-28 17:00:00
2022-03-01 00:00:00,2022-03-01 09:00:00,2022-03-01 17:00:00
2022-03-02 00:00:00,2022-03-02 09:00:00,2022-03-02 17:00:00
2022-03-03 00:00:00,2022-03-03 09:00:00,2022-03-03 17:00:00
2022-03-04 00:00:00,2022-03-04 09:00:00,2022-03-04 17:00:00
2022-03-05 00:00:00,2022-03-05 09:00:00,2022-03-05 09:00:00
2022-03-06 00:00:00,2022-03-06 09:00:00,2022-03-06 09:00:00
2022-03-07 00:00:00,2022-03-07 09:00:00,2022-03-07 17:00:00
2022-03-08 00:00:00,2022-03-08 09:00:00,2022-03-08 17:00:00
2022-03-09 00:00:00,2022-03-09 09:00:00,2022-03-09 17:00:00
2022-03-10 00:00:00,2022-03-10 09:00:00,2022-03-10 17:00:00
2022-03-11 00:00:00,2022-03-11 09:00:00,2022-03-11 17:00:00
2022-03-12 00:00:00,2022-03-12 09:00:00,2022-03-12 09:00:00
2022-03-13 00:00:00,2022-03-13 09:00:00,2022-03-13 09:00:00
2022-03-14 00:00:00,2022-03-14 09:00:00,2022-03-14 17:00:00
2022-03-15 00:00:00,2022-03-15 09:00:00,2022-03-15 17:00:00
2022-03-16 00:00:00,2022-03-16 09:00:00,2022-03-16 17:00:00
2022-03-17 00:00:00,2022-03-17 09:00:00,2022-03-17 17:00:00
2022-03-18 00:00:00,2022-03-18 09:00:00,2022-03-18 17:00:00
2022-03-19 00:00:00,2022-03-19 09:00:00,2022-03-19 09:00:00
2022-03-20 00:00:00,2022-03-20 09:00:00,2022-03-20 09:00:00
2022-03-21 00:00:00,2022-03-21 09:00:00,2022-03-21 17:00:00
2022-03-22 00:00:00,2022-03-22 09:00:00,2022-03-22 17:00:00
2022-03-23 00:00:00,2022-03-23 09:00:00,2022-03-23 17:00:00
2022-03-24 00:00:00,2022-03-24 09:00:00,2022-03-24 17:00:00
2022-03-25 00:00:00,2022-03-25 09:00:00,2022-03-25 17:00:00
2022-03-26 00:00:00,2022-03-26 09:00:00,2022-03-26 09:00:00
2022-03-27 00:00:00,2022-03-27 09:00:00,2022-03-27 09:00:00
2022-03-28 00:00:00,2022-03-28 09:00:00,2022-03-28 17:00:00
2022-03-29 00:00:00,2022-03-29 09:00:00,2022-03-29 17:00:00
2022-03-30 00:00:00,2022-03-30 09:00:00,2022-03-30 17:00:00
2022-03-31 00:00:00,2022-03-31 09:00:00,2022-03-31 17:00:00
2022-04-01 00:00:00,2022-04-01 09:00:00,2022-04-01 17:00:00
2022-04-02 00:00:00,2022-04-02 09:00:00,2022-04-02 09:00:00
2022-04-03 00:00:00,2022-04-03 09:00:00,2022-04-03 09:00:00
2022-04-04 00:00:00,2022-04-04 09:00:00,2022-04-04 17:00:00
2022-04-05 00:00:00,2022-04-05 09:00:00,2022-04-05 17:00:00
2022-04-06 00:00:00,2022-04-06 09:00:00,2022-04-06 17:00:00
2022-04-07 00:00:00,2022-04-07 09:00:00,2022-04-07 17:00:00
2022-04-08 00:00:00,2022-04-08 09:00:00,2022-04-08 17:00:00
2022-04-09 00:00:00,2022-04-09 09:00:00,2022-04-09 09:00:00
2022-04-10 00:00:00,2022-04-10 09:00:00,2022-04-10 09:00:00
2022-04-11 00:00:00,2022-04-11 09:00:00,2022-04-11 17:00:00
2022-04-12 00:00:00,2022-04-12 09:00:00,2022-04-12 17:00:00
2022-04-13 00:00:00,2022-04-13 09:00:00,2022-04-13 17:00:00
2022-04-14 00:00:00,2022-04-14 09:00:00,2022-04-14 17:00:00
2022-04-15 00:00:00,2022-04-15 09:00:00,2022-04-15 09:00:00
2022-04-16 00:00:00,2022-04-16 09:00:00,2022-04-16 09:00:00
2022-04-17 00:00:00,2022-04-17 09:00:00,2022-04-17 09:00:00
2022-04-18 00:00:00,2022-04-18 09:00:00,2022-04-18 09:00:00
2022-04-19 00:00:00,2022-04-19 09:00:00,2022-04-19 17:00:00
2022-04-20 00:00:00,2022-04-20 09:00:00,2022-04-20 17:00:00
2022-04-21 00:00:00,2022-04-21 09:00:00,2022-04-21 17:00:00
2022-04-22 00:00:00,2022-04-22 09:00:00,2022-04-22 17:00:00
2022-04-23 00:00:00,2022-04-23 09:00:00,2022-04-23 09:00:00
2022-04-24 00:00:00,2022-04-24 09:00:00,2022-04-24 09:00:00
2022-04-25 00:00:00,2022-04-25 09:00:00,2022-04-25 17:00:00
2022-04-26 00:00:00,2022-04-26 09:00:00,2022-04-26 17:00:00
2022-04-27 00:00:00,2022-04-27 09:00:00,2022-04-27 17:00:00
2022-04-28 00:00:00,2022-04-28 09:00:00,2022-04-28 17:00:00
2022-04-29 00:00:00,2022-04-29 09:00:00,2022-04-29 17:00:00
2022-04-30 00:00:00,2022-04-30 09:00:00,2022-04-30 09:00:00
2022-05-01 00:00:00,2022-05-01 09:00:00,2022-05-01 09:00:00
2022-05-02 00:00:00,2022-05-02 09:00:00,2022-05-02 17:00:00
2022-05-03 00:00:00,2022-05-03 09:00:00,2022-05-03 17:00:00
2022-05-04 00:00:00,2022-05-04 09:00:00,2022-05-04 17:00:00
2022-05-05 00:00:00,2022-05-05 09:00:00,2022-05-05 17:00:00
2022-05-06 00:00:00,2022-05-06 09:00:00,2022-05-06 17:00:00
2022-05-07 00:00:00,2022-05-07 09:00:00,2022-05-07 09:00:00
2022-05-08 00:00:00,2022-05-08 09:00:00,2022-05-08 09:00:00
2022-05-09 00:00:00,2022-05-09 09:00:00,2022-05-09 17:00:00
2022-05-10 00:00:00,2022-05-10 09:00:00,2022-05-10 17:00:00
2022-05-11 00:00:00,2022-05-11 09:00:00,2022-05-11 17:00:00
2022-05-12 00:00:00,2022-05-12 09:00:00,2022-05-12 17:00:00
2022-05-13 00:00:00,2022-05-13 09:00:00,2022-05-13 17:00:00
2022-05-14 00:00:00,2022-05-14 09:00:00,2022-05-14 09:00:00
2022-05-15 00:00:00,2022-05-15 09:00:00,2022-05-15 09:00:00
2022-05-16 00:00:00,2022-05-16 09:00:00,2022-05-16 17:00:00
2022-05-17 00:00:00,2022-05-17 09:00:00,2022-05-17 17:00:00
2022-05-18 00:00:00,2022-05-18 09:00:00,2022-05-18 17:00:00
2022-05-19 00:00:00,2022-05-19 09:00:00,2022-05-19 17:00:00
2022-05-20 00:00:00,2022-05-20 09:00:00,2022-05-20 17:00:00
2022-05-21 00:00:00,2022-05-21 09:00:00,2022-05-21 09:00:00
2022-05-22 00:00:00,2022-05-22 09:00:00,2022-05-22 09:00:00
2022-05-23 00:00:00,2022-05-23 09:00:00,2022-05-23 17:00:00
2022-05-24 00:00:00,2022-05-24 09:00:00,2022-05-24 17:00:00
2022-05-25 00:00:00,2022-05-25 09:00:00,2022-05-25 17:00:00
2022-05-26 00:00:00,2022-05-26 09:00:00,2022-05-26 17:00:00
2022-05-27 00:00:00,2022-05-27 09:00:00,2022-05-27 17:00:00
2022-05-28 00:00:00,2022-05-28 09:00:00,2022-05-28 09:00:00
2022-05-29 00:00:00,2022-05-29 09:00:00,2022-05-29 09:00:00
2022-05-30 00:00:00,2022-05-30 09:00:00,2022-05-30 17:00:00
2022-05-31 00:00:00,2022-05-31 09:00:00,2022-05-31 17:00:00
2022-06-01 00:00:00,2022-06-01 09:00:00,2022-06-01 17:00:00
2022-06-02 00:00:00,2022-06-02 09:00:00,2022-06-02 17:00:00
2022-06-03 00:00:00,2022-06-03 09:00:00,2022-06-03 09:00:00
2022-06-04 00:00:00,2022-06-04 09:00:00,2022-06-04 09:00:00
2022-06-05 00:00:00,2022-06-05 09:00:00,2022-06-05 09:00:00
2022-06-06 00:00:00,2022-06-06 09:00:00,2022-06-06 17:00:00
2022-06-07 00:00:00,2022-06-07 09:00:00,2022-06-07 17:00:00
2022-06-08 00:00:00,2022-06-08 09:00:00,2022-06-08 17:00:00
2022-06-09 00:00:00,2022-06-09 09:00:00,2022-06-09 17:00:00
2022-06-10 00:00:00,2022-06-10 09:00:00,2022-06-10 17:00:00
2022-06-11 00:00:00,2022-06-11 09:00:00,2022-06-11 09:00:00
2022-06-12 00:00:00,2022-06-12 09:00:00,2022-06-12 09:00:00
2022-06-13 00:00:00,2022-06-13 09:00:00,2022-06-13 17:00:00
2022-06-14 00:00:00,2022-06-14 09:00:00,2022-06-14 17:00:00
2022-06-15 00:00:00,2022-06-15 09:00:00,2022-06-15 17:00:00
2022-06-16 00:00:00,2022-06-16 09:00:00,2022-06-16 17:00:00
2022-06-17 00:00:00,2022-06-17 09:00:00,2022-06-17 17:00:00
2022-06-18 00:00:00,2022-06-18 09:00:00,2022-06-18 09:00:00
2022-06-19 00:00:00,2022-06-19 09:00:00,2022-06-19 09:00:00
2022-06-20 00:00:00,2022-06-20 09:00:00,2022-06-20 17:00:00
2022-06-21 00:00:00,2022-06-21 09:00:00,2022-06-21 17:00:00
2022-06-22 00:00:00,2022-06-22 09:00:00,2022-06-22 17:00:00
2022-06-23 00:00:00,2022-06-23 09:00:00,2022-06-23 17:00:00
2022-06-24 00:00:00,2022-06-24 09:00:00,2022-06-24 17:00:00
2022-06-25 00:00:00,2022-06-25 09:00:00,2022-06-25 09:00:00
2022-06-26 00:00:00,2022-06-26 09:00:00,2022-06-26 09:00:00
2022-06-27 00:00:00,2022-06-27 09:00:00,2022-06-27 17:00:00
2022-06-28 00:00:00,2022-06-28 09:00:00,2022-06-28 17:00:00
2022-06-29 00:00:00,2022-06-29 09:00:00,2022-06-29 17:00:00
2022-06-30 00:00:00,2022-06-30 09:00:00,2022-06-30 17:00:00
2022-07-01 00:00:00,2022-07-01 09:00:00,2022-07-01 17:00:00
2022-07-02 00:00:00,2022-07-02 09:00:00,2022-07-02 09:00:00
2022-07-03 00:00:00,2022-07-03 09:00:00,2022-07-03 09:00:00
2022-07-04 00:00:00,2022-07-04 09:00:00,2022-07-04 17:00:00
2022-07-05 00:00:00,2022-07-05 09:00:00,2022-07-05 17:00:00
2022-07-06 00:00:00,2022-07-06 09:00:00,2022-07-06 17:00:00
2022-07-07 00:00:00,2022-07-07 09:00:00,2022-07-07 17:00:00
2022-07-08 00:00:00,2022-07-08 09:00:00,2022-07-08 17:00:00
2022-07-09 00:00:00,2022-07-09 09:00:00,2022-07-09 09:00:00
2022-07-10 00:00:00,2022-07-10 09:00:00,2022-07-10 09:00:00
2022-07-11 00:00:00,2022-07-11 09:00:00,2022-07-11 17:00:00
2022-07-12 00:00:00,2022-07-12 09:00:00,2022-07-12 17:00:00
2022-07-13 00:00:00,2022-07-13 09:00:00,2022-07-13 17:00:00
2022-07-14 00:00:00,2022-07-14 09:00:00,2022-07-14 17:00:00
2022-07-15 00:00:00,2022-07-15 09:00:00,2022-07-15 17:00:00
2022-07-16 00:00:00,2022-07-16 09:00:00,2022-07-16 09:00:00
2022-07-17 00:00:00,2022-07-17 09:00:00,2022-07-17 09:00:00
2022-07-18 00:00:00,2022-07-18 09:00:00,2022-07-18 17:00:00
2022-07-19 00:00:00,2022-07-19 09:00:00,2022-07-19 17:00:00
2022-07-20 00:00:00,2022-07-20 09:00:00,2022-07-20 17:00:00
2022-07-21 00:00:00,2022-07-21 09:00:00,2022-07-21 17:00:00
2022-07-22 00:00:00,2022-07-22 09:00:00,2022-07-22 17:00:00
2022-07-23 00:00:00,2022-07-23 09:00:00,2022-07-23 09:00:00
2022-07-24 00:00:00,2022-07-24 09:00:00,2022-07-24 09:00:00
2022-07-25 00:00:00,2022-07-25 09:00:00,2022-07-25 17:00:00
2022-07-26 00:00:00,2022-07-26 09:00:00,2022-07-26 17:00:00
2022-07-27 00:00:00,2022-07-27 09:00:00,2022-07-27 17:00:00
2022-07-28 00:00:00,2022-07-28 09:00:00,2022-07-28 17:00:00
2022-07-29 00:00:00,2022-07-29 09:00:00,2022-07-29 17:00:00
2022-07-30 00:00:00,2022-07-30 09:00:00,2022-07-30 09:00:00
2022-07-31 00:00:00,2022-07-31 09:00:00,2022-07-31 09:00:00
2022-08-01 00:00:00,2022-08-01 09:00:00,2022-08-01 17:00:00
2022-08-02 00:00:00,2022-08-02 09:00:00,2022-08-02 17:00:00
2022-08-03 00:00:00,2022-08-03 09:00:00,2022-08-03 17:00:00
2022-08-04 00:00:00,2022-08-04 09:00:00,2022-08-04 17:00:00
2022-08-05 00:00:00,2022-08-05 09:00:00,2022-08-05 17:00:00
2022-08-06 00:00:00,2022-08-06 09:00:00,2022-08-06 09:00:00
2022-08-07 00:00:00,2022-08-07 09:00:00,2022-08-07 09:00:00
2022-08-08 00:00:00,2022-08-08 09:00:00,2022-08-08 17:00:00
2022-08-09 00:00:00,2022-08-09 09:00:00,2022-08-09 17:00:00
2022-08-10 00:00:00,2022-08-10 09:00:00,2022-08-10 17:00:00
2022-08-11 00:00:00,2022-08-11 09:00:00,2022-08-11 17:00:00
2022-08-12 00:00:00,2022-08-12 09:00:00,2022-08-12 17:00:00
2022-08-13 00:00:00,2022-08-13 09:00:00,2022-08-13 09:00:00
2022-08-14 00:00:00,2022-08-14 09:00:00,2022-08-14 09:00:00
2022-08-15 00:00:00,2022-08-15 09:00:00,2022-08-15 17:00:00
2022-08-16 00:00:00,2022-08-16 09:00:00,2022-08-16 17:00:00
2022-08-17 00:00:00,2022-08-17 09:00:00,2022-08-17 17:00:00
2022-08-18 00:00:00,2022-08-18 09:00:00,2022-08-18 17:00:00
2022-08-19 00:00:00,2022-08-19 09:00:00,2022-08-19 17:00:00
2022-08-20 00:00:00,2022-08-20 09:00:00,2022-08-20 09:00:00
2022-08-21 00:00:00,2022-08-21 09:00:00,2022-08-21 09:00:00
2022-08-22 00:00:00,2022-08-22 09:00:00,2022-08-22 17:00:00
2022-08-23 00:00:00,2022-08-23 09:00:00,2022-08-23 17:00:00
2022-08-24 00:00:00,2022-08-24 09:00:00,2022-08-24 17:00:00
2022-08-25 00:00:00,2022-08-25 09:00:00,2022-08-25 17:00:00
2022-08-26 00:00:00,2022-08-26 09:00:00,2022-08-26 17:00:00
2022-08-27 00:00:00,2022-08-27 09:00:00,2022-08-27 09:00:00
2022-08-28 00:00:00,2022-08-28 09:00:00,2022-08-28 09:00:00
2022-08-29 00:00:00,2022-08-29 09:00:00,2022-08-29 17:00:00
2022-08-30 00:00:00,2022-08-30 09:00:00,2022-08-30 17:00:00
2022-08-31 00:00:00,2022-08-31 09:00:00,2022-08-31 17:00:00
2022-09-01 00:00:00,2022-09-01 09:00:00,2022-09-01 17:00:00
2022-09-02 00:00:00,2022-09-02 09:00:00,2022-09-02 17:00:00
2022-09-03 00:00:00,2022-09-03 09:00:00,2022-09-03 09:00:00
2022-09-04 00:00:00,2022-09-04 09:00:00,2022-09-04 09:00:00
2022-09-05 00:00:00,2022-09-05 09:00:00,2022-09-05 17:00:00
2022-09-06 00:00:00,2022-09-06 09:00:00,2022-09-06 17:00:00
2022-09-07 00:00:00,2022-09-07 09:00:00,2022-09-07 17:00:00
2022-09-08 00:00:00,2022-09-08 09:00:00,2022-09-08 17:00:00
2022-09-09 00:00:00,2022-09-09 09:00:00,2022-09-09 17:00:00
2022-09-10 00:00:00,2022-09-10 09:00:00,2022-09-10 09:00:00
2022-09-11 00:00:00,2022-09-11 09:00:00,2022-09-11 09:00:00
2022-09-12 00:00:00,2022-09-12 09:00:00,2022-09-12 17:00:00
2022-09-13 00:00:00,2022-09-13 09:00:00,2022-09-13 17:00:00
2022-09-14 00:00:00,2022-09-14 09:00:00,2022-09-14 17:00:00
2022-09-15 00:00:00,2022-09-15 09:00:00,2022-09-15 17:00:00
2022-09-16 00:00:00,2022-09-16 09:00:00,2022-09-16 17:00:00
2022-09-17 00:00:00,2022-09-17 09:00:00,2022-09-17 09:00:00
2022-09-18 00:00:00,2022-09-18 09:00:00,2022-09-18 09:00:00
2022-09-19 00:00:00,2022-09-19 09:00:00,2022-09-19 09:00:00
2022-09-20 00:00:00,2022-09-20 09:00:00,2022-09-20 17:00:00
2022-09-21 00:00:00,2022-09-21 09:00:00,2022-09-21 17:00:00
2022-09-22 00:00:00,2022-09-22 09:00:00,2022-09-22 17:00:00
2022-09-23 00:00:00,2022-09-23 09:00:00,2022-09-23 17:00:00
2022-09-24 00:00:00,2022-09-24 09:00:00,2022-09-24 09:00:00
2022-09-25 00:00:00,2022-09-25 09:00:00,2022-09-25 09:00:00
2022-09-26 00:00:00,2022-09-26 09:00:00,2022-09-26 17:00:00
2022-09-27 00:00:00,2022-09-27 09:00:00,2022-09-27 17:00:00
2022-09-28 00:00:00,2022-09-28 09:00:00,2022-09-28 17:00:00
2022-09-29 00:00:00,2022-09-29 09:00:00,2022-09-29 17:00:00
2022-09-30 00:00:00,2022-09-30 09:00:00,2022-09-30 17:00:00
2022-10-01 00:00:00,2022-10-01 09:00:00,2022-10-01 09:00:00
2022-10-02 00:00:00,2022-10-02 09:00:00,2022-10-02 09:00:00
2022-10-03 00:00:00,2022-10-03 09:00:00,2022-10-03 17:00:00
2022-10-04 00:00:00,2022-10-04 09:00:00,2022-10-04 17:00:00
2022-10-05 00:00:00,2022-10-05 09:00:00,2022-10-05 17:00:00
2022-10-06 00:00:00,2022-10-06 09:00:00,2022-10-06 17:00:00
2022-10-07 00:00:00,2022-10-07 09:00:00,2022-10-07 17:00:00
2022-10-08 00:00:00,2022-10-08 09:00:00,2022-10-08 09:00:00
2022-10-09 00:00:00,2022-10-09 09:00:00,2022-10-09 09:00:00
2022-10-10 00:00:00,2022-10-10 09:00:00,2022-10-10 17:00:00
2022-10-11 00:00:00,2022-10-11 09:00:00,2022-10-11 17:00:00
2022-10-12 00:00:00,2022-10-12 09:00:00,2022-10-12 17:00:00
2022-10-13 00:00:00,2022-10-13 09:00:00,2022-10-13 17:00:00
2022-10-14 00:00:00,2022-10-14 09:00:00,2022-10-14 17:00:00
2022-10-15 00:00:00,2022-10-15 09:00:00,2022-10-15 09:00:00
2022-10-16 00:00:00,2022-10-16 09:00:00,2022-10-16 09:00:00
2022-10-17 00:00:00,2022-10-17 09:00:00,2022-10-17 17:00:00
2022-10-18 00:00:00,2022-10-18 09:00:00,2022-10-18 17:00:00
2022-10-19 00:00:00,2022-10-19 09:00:00,2022-10-19 17:00:00
2022-10-20 00:00:00,2022-10-20 09:00:00,2022-10-20 17:00:00
2022-10-21 00:00:00,2022-10-21 09:00:00,2022-10-21 17:00:00
2022-10-22 00:00:00,2022-10-22 09:00:00,2022-10-22 09:00:00
2022-10-23 00:00:00,2022-10-23 09:00:00,2022-10-23 09:00:00
2022-10-24 00:00:00,2022-10-24 09:00:00,2022-10-24 17:00:00
2022-10-25 00:00:00,2022-10-25 09:00:00,2022-10-25 17:00:00
2022-10-26 00:00:00,2022-10-26 09:00:00,2022-10-26 17:00:00
2022-10-27 00:00:00,2022-10-27 09:00:00,2022-10-27 17:00:00
2022-10-28 00:00:00,2022-10-28 09:00:00,2022-10-28 17:00:00
2022-10-29 00:00:00,2022-10-29 09:00:00,2022-10-29 09:00:00
2022-10-30 00:00:00,2022-10-30 09:00:00,2022-10-30 09:00:00
2022-10-31 00:00:00,2022-10-31 09:00:00,2022-10-31 17:00:00
2022-11-01 00:00:00,2022-11-01 09:00:00,2022-11-01 17:00:00
2022-11-02 00:00:00,2022-11-02 09:00:00,2022-11-02 17:00:00
2022-11-03 00:00:00,2022-11-03 09:00:00,2022-11-03 17:00:00
2022-11-04 00:00:00,2022-11-04 09:00:00,2022-11-04 17:00:00
2022-11-05 00:00:00,2022-11-05 09:00:00,2022-11-05 09:00:00
2022-11-06 00:00:00,2022-11-06 09:00:00,2022-11-06 09:00:00
2022-11-07 00:00:00,2022-11-07 09:00:00,2022-11-07 17:00:00
2022-11-08 00:00:00,2022-11-08 09:00:00,2022-11-08 17:00:00
2022-11-09 00:00:00,2022-11-09 09:00:00,2022-11-09 17:00:00
2022-11-10 00:00:00,2022-11-10 09:00:00,2022-11-10 17:00:00
2022-11-11 00:00:00,2022-11-11 09:00:00,2022-11-11 17:00:00
2022-11-12 00:00:00,2022-11-12 09:00:00,2022-11-12 09:00:00
2022-11-13 00:00:00,2022-11-13 09:00:00,2022-11-13 09:00:00
2022-11-14 00:00:00,2022-11-14 09:00:00,2022-11-14 17:00:00
2022-11-15 00:00:00,2022-11-15 09:00:00,2022-11-15 17:00:00
2022-11-16 00:00:00,2022-11-16 09:00:00,2022-11-16 17:00:00
2022-11-17 00:00:00,2022-11-17 09:00:00,2022-11-17 17:00:00
2022-11-18 00:00:00,2022-11-18 09:00:00,2022-11-18 17:00:00
2022-11-19 00:00:00,2022-11-19 09:00:00,2022-11-19 09:00:00
2022-11-20 00:00:00,2022-11-20 09:00:00,2022-11-20 09:00:00
2022-11-21 00:00:00,2022-11-21 09:00:00,2022-11-21 17:00:00
2022-11-22 00:00:00,2022-11-22 09:00:00,2022-11-22 17:00:00
2022-11-23 00:00:00,2022-11-23 09:00:00,2022-11-23 17:00:00
2022-11-24 00:00:00,2022-11-24 09:00:00,2022-11-24 17:00:00
2022-11-25 00:00:00,2022-11-25 09:00:00,2022-11-25 17:00:00
2022-11-26 00:00:00,2022-11-26 09:00:00,2022-11-26 09:00:00
2022-11-27 00:00:00,2022-11-27 09:00:00,2022-11-27 09:00:00
2022-11-28 00:00:00,2022-11-28 09:00:00,2022-11-28 17:00:00
2022-11-29 00:00:00,2022-11-29 09:00:00,2022-11-29 17:00:00
2022-11-30 00:00:00,2022-11-30 09:00:00,2022-11-30 17:00:00
2022-12-01 00:00:00,2022-12-01 09:00:00,2022-12-01 17:00:00
2022-12-02 00:00:00,2022-12-02 09:00:00,2022-12-02 17:00:00
2022-12-03 00:00:00,2022-12-03 09:00:00,2022-12-03 09:00:00
2022-12-04 00:00:00,2022-12-04 09:00:00,2022-12-04 09:00:00
2022-12-05 00:00:00,2022-12-05 09:00:00,2022-12-05 17:00:00
2022-12-06 00:00:00,2022-12-06 09:00:00,2022-12-06 17:00:00
2022-12-07 00:00:00,2022-12-07 09:00:00,2022-12-07 17:00:00
2022-12-08 00:00:00,2022-12-08 09:00:00,2022-12-08 17:00:00
2022-12-09 00:00:00,2022-12-09 09:00:00,2022-12-09 17:00:00
2022-12-10 00:00:00,2022-12-10 09:00:00,2022-12-10 09:00:00
2022-12-11 00:00:00,2022-12-11 09:00:00,2022-12-11 09:00:00
2022-12-12 00:00:00,2022-12-12 09:00:00,2022-12-12 17:00:00
2022-12-13 00:00:00,2022-12-13 09:00:00,2022-12-13 17:00:00
2022-12-14 00:00:00,2022-12-14 09:00:00,2022-12-14 17:00:00
2022-12-15 00:00:00,2022-12-15 09:00:00,2022-12-15 17:00:00
2022-12-16 00:00:00,2022-12-16 09:00:00,2022-12-16 17:00:00
2022-12-17 00:00:00,2022-12-17 09:00:00,2022-12-17 09:00:00
2022-12-18 00:00:00,2022-12-18 09:00:00,2022-12-18 09:00:00
2022-12-19 00:00:00,2022-12-19 09:00:00,2022-12-19 17:00:00
2022-12-20 00:00:00,2022-12-20 09:00:00,2022-12-20 17:00:00
2022-12-21 00:00:00,2022-12-21 09:00:00,2022-12-21 17:00:00
2022-12-22 00:00:00,2022-12-22 09:00:00,2022-12-22 17:00:00
2022-12-23 00:00:00,2022-12-23 09:00:00,2022-12-23 13:00:00
2022-12-24 00:00:00,2022-12-24 09:00:00,2022-12-24 09:00:00
2022-12-25 00:00:00,2022-12-25 09:00:00,2022-12-25 09:00:00
2022-12-26 00:00:00,2022-12-26 09:00:00,2022-12-26 09:00:00
2022-12-27 00:00:00,2022-12-27 09:00:00,2022-12-27 09:00:00
2022-12-28 00:00:00,2022-12-28 09:00:00,2022-12-28 09:00:00
2022-12-29 00:00:00,2022-12-29 09:00:00,2022-12-29 09:00:00
2022-12-30 00:00:00,2022-12-30 09:00:00,2022-12-30 09:00:00
2022-12-31 00:00:00,2022-12-31 09:00:00,2022-12-31 09:00:00
2023-01-01 00:00:00,2023-01-01 09:00:00,2023-01-01 09:00:00
2023-01-02 00:00:00,2023-01-02 09:00:00,2023-01-02 09:00:00
2023-01-03 00:00:00,2023-01-03 09:00:00,2023-01-03 17:00:00
2023-01-04 00:00:00,2023-01-04 09:00:00,2023-01-04 17:00:00
2023-01-05 00:00:00,2023-01-05 09:00:00,2023-01-05 17:00:00
2023-01-06 00:00:00,2023-01-06 09:00:00,2023-01-06 17:00:00
2023-01-07 00:00:00,2023-01-07 09:00:00,2023-01-07 09:00:00
2023-01-08 00:00:00,2023-01-08 09:00:00,2023-01-08 09:00:00
2023-01-09 00:00:00,2023-01-09 09:00:00,2023-01-09 17:00:00
2023-01-10 00:00:00,2023-01-10 09:00:00,2023-01-10 17:00:00
2023-01-11 00:00:00,2023-01-11 09:00:00,2023-01-11 17:00:00
2023-01-12 00:00:00,2023-01-12 09:00:00,2023-01-12 17:00:00
2023-01-13 00:00:00,2023-01-13 09:00:00,2023-01-13 17:00:00
2023-01-14 00:00:00,2023-01-14 09:00:00,2023-01-14 09:00:00
2023-01-15 00:00:00,2023-01-15 09:00:00,2023-01-15 09:00:00
2023-01-16 00:00:00,2023-01-16 09:00:00,2023-01-16 17:00:00
2023-01-17 00:00:00,2023-01-17 09:00:00,2023-01-17 17:00:00
2023-01-18 00:00:00,2023-01-18 09:00:00,2023-01-18 17:00:00
2023-01-19 00:00:00,2023-01-19 09:00:00,2023-01-19 17:00:00
2023-01-20 00:00:00,2023-01-20 09:00:00,2023-01-20 17:00:00
2023-01-21 00:00:00,2023-01-21 09:00:00,2023-01-21 17:00:00
2023-01-22 00:00:00,2023-01-22 09:00:00,2023-01-22 17:00:00
2023-01-23 00:00:00,2023-01-23 09:00:00,2023-01-23 17:00:00
2023-01-24 00:00:00,2023-01-24 09:00:00,2023-01-24 17:00:00
2023-01-25 00:00:00,2023-01-25 09:00:00,2023-01-25 17:00:00
2023-01-26 00:00:00,2023-01-26 09:00:00,2023-01-26 17:00:00
2023-01-27 00:00:00,2023-01-27 09:00:00,2023-01-27 17:00:00
2023-01-28 00:00:00,2023-01-28 09:00:00,2023-01-28 17:00:00
2023-01-29 00:00:00,2023-01-29 09:00:00,2023-01-29 17:00:00
2023-01-30 00:00:00,2023-01-30 09:00:00,2023-01-30 17:00:00
2023-01-31 00:00:00,2023-01-31 09:00:00,2023-01-31 17:00:00
2023-02-01 00:00:00,2023-02-01 09:00:00,2023-02-01 17:00:00
2023-02-02 00:00:00,2023-02-02 09:00:00,2023-02-02 17:00:00
2023-02-03 00:00:00,2023-02-03 09:00:00,2023-02-03 17:00:00
2023-02-04 00:00:00,2023-02-04 09:00:00,2023-02-04 17:00:00
2023-02-05 00:00:00,2023-02-05 09:00:00,2023-02-05 17:00:00
2023-02-06 00:00:00,2023-02-06 09:00:00,2023-02-06 17:00:00
2023-02-07 00:00:00,2023-02-07 09:00:00,2023-02-07 17:00:00
2023-02-08 00:00:00,2023-02-08 09:00:00,2023-02-08 17:00:00
2023-02-09 00:00:00,2023-02-09 09:00:00,2023-02-09 17:00:00
2023-02-10 00:00:00,2023-02-10 09:00:00,2023-02-10 17:00:00
2023-02-11 00:00:00,2023-02-11 09:00:00,2023-02-11 17:00:00
2023-02-12 00:00:00,2023-02-12 09:00:00,2023-02-12 17:00:00
2023-02-13 00:00:00,2023-02-13 09:00:00,2023-02-13 17:00:00
2023-02-14 00:00:00,2023-02-14 09:00:00,2023-02-14 17:00:00
2023-02-15 00:00:00,2023-02-15 09:00:00,2023-02-15 17:00:00
2023-02-16 00:00:00,2023-02-16 09:00:00,2023-02-16 17:00:00
2023-02-17 00:00:00,2023-02-17 09:00:00,2023-02-17 17:00:00
2023-02-18 00:00:00,2023-02-18 09:00:00,2023-02-18 17:00:00
2023-02-19 00:00:00,2023-02-19 09:00:00,2023-02-19 17:00:00
2023-02-20 00:00:00,2023-02-20 09:00:00,2023-02-20 17:00:00
2023-02-21 00:00:00,2023-02-21 09:00:00,2023-02-21 17:00:00
2023-02-22 00:00:00,2023-02-22 09:00:00,2023-02-22 17:00:00
2023-02-23 00:00:00,2023-02-23 09:00:00,2023-02-23 17:00:00
2023-02-24 00:00:00,2023-02-24 09:00:00,2023-02-24 17:00:00
2023-02-25 00:00:00,2023-02-25 09:00:00,2023-02-25 17:00:00
2023-02-26 00:00:00,2023-02-26 09:00:00,2023-02-26 17:00:00
2023-02-27 00:00:00,2023-02-27 09:00:00,2023-02-27 17:00:00
2023-02-28 00:00:00,2023-02-28 09:00:00,2023-02-28 17:00:00
2023-03-01 00:00:00,2023-03-01 09:00:00,2023-03-01 17:00:00
2023-03-02 00:00:00,2023-03-02 09:00:00,2023-03-02 17:00:00
2023-03-03 00:00:00,2023-03-03 09:00:00,2023-03-03 17:00:00
2023-03-04 00:00:00,2023-03-04 09:00:00,2023-03-04 17:00:00
2023-03-05 00:00:00,2023-03-05 09:00:00,2023-03-05 17:00:00
2023-03-06 00:00:00,2023-03-06 09:00:00,2023-03-06 17:00:00
2023-03-07 00:00:00,2023-03-07 09:00:00,2023-03-07 17:00:00
2023-03-08 00:00:00,2023-03-08 09:00:00,2023-03-08 17:00:00
2023-03-09 00:00:00,2023-03-09 09:00:00,2023-03-09 17:00:00
2023-03-10 00:00:00,2023-03-10 09:00:00,2023-03-10 17:00:00
2023-03-11 00:00:00,2023-03-11 09:00:00,2023-03-11 17:00:00
2023-03-12 00:00:00,2023-03-12 09:00:00,2023-03-12 17:00:00
2023-03-13 00:00:00,2023-03-13 09:00:00,2023-03-13 17:00:00
2023-03-14 00:00:00,2023-03-14 09:00:00,2023-03-14 17:00:00
2023-03-15 00:00:00,2023-03-15 09:00:00,2023-03-15 17:00:00
2023-03-16 00:00:00,2023-03-16 09:00:00,2023-03-16 17:00:00
2023-03-17 00:00:00,2023-03-17 09:00:00,2023-03-17 17:00:00
2023-03-18 00:00:00,2023-03-18 09:00:00,2023-03-18 17:00:00
2023-03-19 00:00:00,2023-03-19 09:00:00,2023-03-19 17:00:00
2023-03-20 00:00:00,2023-03-20 09:00:00,2023-03-20 17:00:00
2023-03-21 00:00:00,2023-03-21 09:00:00,2023-03-21 17:00:00
2023-03-22 00:00:00,2023-03-22 09:00:00,2023-03-22 17:00:00
2023-03-23 00:00:00,2023-03-23 09:00:00,2023-03-23 17:00:00
2023-03-24 00:00:00,2023-03-24 09:00:00,2023-03-24 17:00:00
2023-03-25 00:00:00,2023-03-25 09:00:00,2023-03-25 17:00:00
2023-03-26 00:00:00,2023-03-26 09:00:00,2023-03-26 17:00:00
2023-03-27 00:00:00,2023-03-27 09:00:00,2023-03-27 17:00:00
2023-03-28 00:00:00,2023-03-28 09:00:00,2023-03-28 17:00:00
2023-03-29 00:00:00,2023-03-29 09:00:00,2023-03-29 17:00:00
2023-03-30 00:00:00,2023-03-30 09:00:00,2023-03-30 17:00:00
2023-03-31 00:00:00,2023-03-31 09:00:00,2023-03-31 17:00:00
2023-04-01 00:00:00,2023-04-01 09:00:00,2023-04-01 17:00:00
2023-04-02 00:00:00,2023-04-02 09:00:00,2023-04-02 17:00:00
2023-04-03 00:00:00,2023-04-03 09:00:00,2023-04-03 17:00:00
2023-04-04 00:00:00,2023-04-04 09:00:00,2023-04-04 17:00:00
2023-04-05 00:00:00,2023-04-05 09:00:00,2023-04-05 17:00:00
2023-04-06 00:00:00,2023-04-06 09:00:00,2023-04-06 17:00:00
2023-04-07 00:00:00,2023-04-07 09:00:00,2023-04-07 17:00:00
2023-04-08 00:00:00,2023-04-08 09:00:00,2023-04-08 17:00:00
2023-04-09 00:00:00,2023-04-09 09:00:00,2023-04-09 17:00:00
2023-04-10 00:00:00,2023-04-10 09:00:00,2023-04-10 17:00:00
2023-04-11 00:00:00,2023-04-11 09:00:00,2023-04-11 17:00:00
2023-04-12 00:00:00,2023-04-12 09:00:00,2023-04-12 17:00:00
2023-04-13 00:00:00,2023-04-13 09:00:00,2023-04-13 17:00:00
2023-04-14 00:00:00,2023-04-14 09:00:00,2023-04-14 17:00:00
2023-04-15 00:00:00,2023-04-15 09:00:00,2023-04-15 17:00:00
2023-04-16 00:00:00,2023-04-16 09:00:00,2023-04-16 17:00:00
2023-04-17 00:00:00,2023-04-17 09:00:00,2023-04-17 17:00:00
2023-04-18 00:00:00,2023-04-18 09:00:00,2023-04-18 17:00:00
2023-04-19 00:00:00,2023-04-19 09:00:00,2023-04-19 17:00:00
2023-04-20 00:00:00,2023-04-20 09:00:00,2023-04-20 17:00:00
2023-04-21 00:00:00,2023-04-21 09:00:00,2023-04-21 17:00:00
2023-04-22 00:00:00,2023-04-22 09:00:00,2023-04-22 17:00:00
2023-04-23 00:00:00,2023-04-23 09:00:00,2023-04-23 17:00:00
2023-04-24 00:00:00,2023-04-24 09:00:00,2023-04-24 17:00:00
2023-04-25 00:00:00,2023-04-25 09:00:00,2023-04-25 17:00:00
2023-04-26 00:00:00,2023-04-26 09:00:00,2023-04-26 17:00:00
2023-04-27 00:00:00,2023-04-27 09:00:00,2023-04-27 17:00:00
2023-04-28 00:00:00,2023-04-28 09:00:00,2023-04-28 17:00:00
2023-04-29 00:00:00,2023-04-29 09:00:00,2023-04-29 17:00:00
2023-04-30 00:00:00,2023-04-30 09:00:00,2023-04-30 17:00:00
2023-05-01 00:00:00,2023-05-01 09:00:00,2023-05-01 17:00:00
2023-05-02 00:00:00,2023-05-02 09:00:00,2023-05-02 17:00:00
2023-05-03 00:00:00,2023-05-03 09:00:00,2023-05-03 17:00:00
2023-05-04 00:00:00,2023-05-04 09:00:00,2023-05-04 17:00:00
2023-05-05 00:00:00,2023-05-05 09:00:00,2023-05-05 17:00:00
2023-05-06 00:00:00,2023-05-06 09:00:00,2023-05-06 17:00:00
2023-05-07 00:00:00,2023-05-07 09:00:00,2023-05-07 17:00:00
2023-05-08 00:00:00,2023-05-08 09:00:00,2023-05-08 17:00:00
2023-05-09 00:00:00,2023-05-09 09:00:00,2023-05-09 17:00:00
2023-05-10 00:00:00,2023-05-10 09:00:00,2023-05-10 17:00:00
2023-05-11 00:00:00,2023-05-11 09:00:00,2023-05-11 17:00:00
2023-05-12 00:00:00,2023-05-12 09:00:00,2023-05-12 17:00:00
2023-05-13 00:00:00,2023-05-13 09:00:00,2023-05-13 17:00:00
2023-05-14 00:00:00,2023-05-14 09:00:00,2023-05-14 17:00:00
2023-05-15 00:00:00,2023-05-15 09:00:00,2023-05-15 17:00:00
2023-05-16 00:00:00,2023-05-16 09:00:00,2023-05-16 17:00:00
2023-05-17 00:00:00,2023-05-17 09:00:00,2023-05-17 17:00:00
2023-05-18 00:00:00,2023-05-18 09:00:00,2023-05-18 17:00:00
2023-05-19 00:00:00,2023-05-19 09:00:00,2023-05-19 17:00:00
2023-05-20 00:00:00,2023-05-20 09:00:00,2023-05-20 17:00:00
2023-05-21 00:00:00,2023-05-21 09:00:00,2023-05-21 17:00:00
2023-05-22 00:00:00,2023-05-22 09:00:00,2023-05-22 17:00:00
2023-05-23 00:00:00,2023-05-23 09:00:00,2023-05-23 17:00:00
2023-05-24 00:00:00,2023-05-24 09:00:00,2023-05-24 17:00:00
2023-05-25 00:00:00,2023-05-25 09:00:00,2023-05-25 17:00:00
2023-05-26 00:00:00,2023-05-26 09:00:00,2023-05-26 17:00:00
2023-05-27 00:00:00,2023-05-27 09:00:00,2023-05-27 17:00:00
2023-05-28 00:00:00,2023-05-28 09:00:00,2023-05-28 17:00:00
2023-05-29 00:00:00,2023-05-29 09:00:00,2023-05-29 17:00:00
2023-05-30 00:00:00,2023-05-30 09:00:00,2023-05-30 17:00:00
2023-05-31 00:00:00,2023-05-31 09:00:00,2023-05-31 17:00:00
2023-06-01 00:00:00,2023-06-01 09:00:00,2023-06-01 17:00:00
2023-06-02 00:00:00,2023-06-02 09:00:00,2023-06-02 17:00:00
2023-06-03 00:00:00,2023-06-03 09:00:00,2023-06-03 17:00:00
2023-06-04 00:00:00,2023-06-04 09:00:00,2023-06-04 17:00:00
2023-06-05 00:00:00,2023-06-05 09:00:00,2023-06-05 17:00:00
2023-06-06 00:00:00,2023-06-06 09:00:00,2023-06-06 17:00:00
2023-06-07 00:00:00,2023-06-07 09:00:00,2023-06-07 17:00:00
2023-06-08 00:00:00,2023-06-08 09:00:00,2023-06-08 17:00:00
2023-06-09 00:00:00,2023-06-09 09:00:00,2023-06-09 17:00:00
2023-06-10 00:00:00,2023-06-10 09:00:00,2023-06-10 17:00:00
2023-06-11 00:00:00,2023-06-11 09:00:00,2023-06-11 17:00:00
2023-06-12 00:00:00,2023-06-12 09:00:00,2023-06-12 17:00:00
2023-06-13 00:00:00,2023-06-13 09:00:00,2023-06-13 17:00:00
2023-06-14 00:00:00,2023-06-14 09:00:00,2023-06-14 17:00:00
2023-06-15 00:00:00,2023-06-15 09:00:00,2023-06-15 17:00:00
2023-06-16 00:00:00,2023-06-16 09:00:00,2023-06-16 17:00:00
2023-06-17 00:00:00,2023-06-17 09:00:00,2023-06-17 17:00:00
2023-06-18 00:00:00,2023-06-18 09:00:00,2023-06-18 17:00:00
2023-06-19 00:00:00,2023-06-19 09:00:00,2023-06-19 17:00:00
2023-06-20 00:00:00,2023-06-20 09:00:00,2023-06-20 17:00:00
2023-06-21 00:00:00,2023-06-21 09:00:00,2023-06-21 17:00:00
2023-06-22 00:00:00,2023-06-22 09:00:00,2023-06-22 17:00:00
2023-06-23 00:00:00,2023-06-23 09:00:00,2023-06-23 17:00:00
2023-06-24 00:00:00,2023-06-24 09:00:00,2023-06-24 17:00:00
2023-06-25 00:00:00,2023-06-25 09:00:00,2023-06-25 17:00:00
2023-06-26 00:00:00,2023-06-26 09:00:00,2023-06-26 17:00:00
2023-06-27 00:00:00,2023-06-27 09:00:00,2023-06-27 17:00:00
2023-06-28 00:00:00,2023-06-28 09:00:00,2023-06-28 17:00:00
2023-06-29 00:00:00,2023-06-29 09:00:00,2023-06-29 17:00:00
2023-06-30 00:00:00,2023-06-30 09:00:00,2023-06-30 17:00:00
2023-07-01 00:00:00,2023-07-01 09:00:00,2023-07-01 17:00:00
2023-07-02 00:00:00,2023-07-02 09:00:00,2023-07-02 17:00:00
2023-07-03 00:00:00,2023-07-03 09:00:00,2023-07-03 17:00:00
2023-07-04 00:00:00,2023-07-04 09:00:00,2023-07-04 17:00:00
2023-07-05 00:00:00,2023-07-05 09:00:00,2023-07-05 17:00:00
2023-07-06 00:00:00,2023-07-06 09:00:00,2023-07-06 17:00:00
2023-07-07 00:00:00,2023-07-07 09:00:00,2023-07-07 17:00:00
2023-07-08 00:00:00,2023-07-08 09:00:00,2023-07-08 17:00:00
2023-07-09 00:00:00,2023-07-09 09:00:00,2023-07-09 17:00:00
2023-07-10 00:00:00,2023-07-10 09:00:00,2023-07-10 17:00:00
2023-07-11 00:00:00,2023-07-11 09:00:00,2023-07-11 17:00:00
2023-07-12 00:00:00,2023-07-12 09:00:00,2023-07-12 17:00:00
2023-07-13 00:00:00,2023-07-13 09:00:00,2023-07-13 17:00:00
2023-07-14 00:00:00,2023-07-14 09:00:00,2023-07-14 17:00:00
2023-07-15 00:00:00,2023-07-15 09:00:00,2023-07-15 17:00:00
2023-07-16 00:00:00,2023-07-16 09:00:00,2023-07-16 17:00:00
2023-07-17 00:00:00,2023-07-17 09:00:00,2023-07-17 17:00:00
2023-07-18 00:00:00,2023-07-18 09:00:00,2023-07-18 17:00:00
2023-07-19 00:00:00,2023-07-19 09:00:00,2023-07-19 17:00:00
2023-07-20 00:00:00,2023-07-20 09:00:00,2023-07-20 17:00:00
2023-07-21 00:00:00,2023-07-21 09:00:00,2023-07-21 17:00:00
2023-07-22 00:00:00,2023-07-22 09:00:00,2023-07-22 17:00:00
2023-07-23 00:00:00,2023-07-23 09:00:00,2023-07-23 17:00:00
2023-07-24 00:00:00,2023-07-24 09:00:00,2023-07-24 17:00:00
2023-07-25 00:00:00,2023-07-25 09:00:00,2023-07-25 17:00:00
2023-07-26 00:00:00,2023-07-26 09:00:00,2023-07-26 17:00:00
2023-07-27 00:00:00,2023-07-27 09:00:00,2023-07-27 17:00:00
2023-07-28 00:00:00,2023-07-28 09:00:00,2023-07-28 17:00:00
2023-07-29 00:00:00,2023-07-29 09:00:00,2023-07-29 17:00:00
2023-07-30 00:00:00,2023-07-30 09:00:00,2023-07-30 17:00:00
2023-07-31 00:00:00,2023-07-31 09:00:00,2023-07-31 17:00:00
2023-08-01 00:00:00,2023-08-01 09:00:00,2023-08-01 17:00:00
2023-08-02 00:00:00,2023-08-02 09:00:00,2023-08-02 17:00:00
2023-08-03 00:00:00,2023-08-03 09:00:00,2023-08-03 17:00:00
2023-08-04 00:00:00,2023-08-04 09:00:00,2023-08-04 17:00:00
2023-08-05 00:00:00,2023-08-05 09:00:00,2023-08-05 17:00:00
2023-08-06 00:00:00,2023-08-06 09:00:00,2023-08-06 17:00:00
2023-08-07 00:00:00,2023-08-07 09:00:00,2023-08-07 17:00:00
2023-08-08 00:00:00,2023-08-08 09:00:00,2023-08-08 17:00:00
2023-08-09 00:00:00,2023-08-09 09:00:00,2023-08-09 17:00:00
2023-08-10 00:00:00,2023-08-10 09:00:00,2023-08-10 17:00:00
2023-08-11 00:00:00,2023-08-11 09:00:00,2023-08-11 17:00:00
2023-08-12 00:00:00,2023-08-12 09:00:00,2023-08-12 17:00:00
2023-08-13 00:00:00,2023-08-13 09:00:00,2023-08-13 17:00:00
2023-08-14 00:00:00,2023-08-14 09:00:00,2023-08-14 17:00:00
2023-08-15 00:00:00,2023-08-15 09:00:00,2023-08-15 17:00:00
2023-08-16 00:00:00,2023-08-16 09:00:00,2023-08-16 17:00:00
2023-08-17 00:00:00,2023-08-17 09:00:00,2023-08-17 17:00:00
2023-08-18 00:00:00,2023-08-18 09:00:00,2023-08-18 17:00:00
2023-08-19 00:00:00,2023-08-19 09:00:00,2023-08-19 17:00:00
2023-08-20 00:00:00,2023-08-20 09:00:00,2023-08-20 17:00:00
2023-08-21 00:00:00,2023-08-21 09:00:00,2023-08-21 17:00:00
2023-08-22 00:00:00,2023-08-22 09:00:00,2023-08-22 17:00:00
2023-08-23 00:00:00,2023-08-23 09:00:00,2023-08-23 17:00:00
2023-08-24 00:00:00,2023-08-24 09:00:00,2023-08-24 17:00:00
2023-08-25 00:00:00,2023-08-25 09:00:00,2023-08-25 17:00:00
2023-08-26 00:00:00,2023-08-26 09:00:00,2023-08-26 17:00:00
2023-08-27 00:00:00,2023-08-27 09:00:00,2023-08-27 17:00:00
2023-08-28 00:00:00,2023-08-28 09:00:00,2023-08-28 17:00:00
2023-08-29 00:00:00,2023-08-29 09:00:00,2023-08-29 17:00:00
2023-08-30 00:00:00,2023-08-30 09:00:00,2023-08-30 17:00:00
2023-08-31 00:00:00,2023-08-31 09:00:00,2023-08-31 17:00:00
2023-09-01 00:00:00,2023-09-01 09:00:00,2023-09-01 17:00:00
2023-09-02 00:00:00,2023-09-02 09:00:00,2023-09-02 17:00:00
2023-09-03 00:00:00,2023-09-03 09:00:00,2023-09-03 17:00:00
2023-09-04 00:00:00,2023-09-04 09:00:00,2023-09-04 17:00:00
2023-09-05 00:00:00,2023-09-05 09:00:00,2023-09-05 17:00:00
2023-09-06 00:00:00,2023-09-06 09:00:00,2023-09-06 17:00:00
2023-09-07 00:00:00,2023-09-07 09:00:00,2023-09-07 17:00:00
2023-09-08 00:00:00,2023-09-08 09:00:00,2023-09-08 17:00:00
2023-09-09 00:00:00,2023-09-09 09:00:00,2023-09-09 17:00:00
2023-09-10 00:00:00,2023-09-10 09:00:00,2023-09-10 17:00:00
2023-09-11 00:00:00,2023-09-11 09:00:00,2023-09-11 17:00:00
2023-09-12 00:00:00,2023-09-12 09:00:00,2023-09-12 17:00:00
2023-09-13 00:00:00,2023-09-13 09:00:00,2023-09-13 17:00:00
2023-09-14 00:00:00,2023-09-14 09:00:00,2023-09-14 17:00:00
2023-09-15 00:00:00,2023-09-15 09:00:00,2023-09-15 17:00:00
2023-09-16 00:00:00,2023-09-16 09:00:00,2023-09-16 17:00:00
2023-09-17 00:00:00,2023-09-17 09:00:00,2023-09-17 17:00:00
2023-09-18 00:00:00,2023-09-18 09:00:00,2023-09-18 17:00:00
2023-09-19 00:00:00,2023-09-19 09:00:00,2023-09-19 17:00:00
2023-09-20 00:00:00,2023-09-20 09:00:00,2023-09-20 17:00:00
2023-09-21 00:00:00,2023-09-21 09:00:00,2023-09-21 17:00:00
2023-09-22 00:00:00,2023-09-22 09:00:00,2023-09-22 17:00:00
2023-09-23 00:00:00,2023-09-23 09:00:00,2023-09-23 17:00:00
2023-09-24 00:00:00,2023-09-24 09:00:00,2023-09-24 17:00:00
2023-09-25 00:00:00,2023-09-25 09:00:00,2023-09-25 17:00:00
2023-09-26 00:00:00,2023-09-26 09:00:00,2023-09-26 17:00:00
2023-09-27 00:00:00,2023-09-27 09:00:00,2023-09-27 17:00:00
2023-09-28 00:00:00,2023-09-28 09:00:00,2023-09-28 17:00:00
2023-09-29 00:00:00,2023-09-29 09:00:00,2023-09-29 17:00:00
2023-09-30 00:00:00,2023-09-30 09:00:00,2023-09-30 17:00:00
2023-10-01 00:00:00,2023-10-01 09:00:00,2023-10-01 17:00:00
2023-10-02 00:00:00,2023-10-02 09:00:00,2023-10-02 17:00:00
2023-10-03 00:00:00,2023-10-03 09:00:00,2023-10-03 17:00:00
2023-10-04 00:00:00,2023-10-04 09:00:00,2023-10-04 17:00:00
2023-10-05 00:00:00,2023-10-05 09:00:00,2023-10-05 17:00:00
2023-10-06 00:00:00,2023-10-06 09:00:00,2023-10-06 17:00:00
2023-10-07 00:00:00,2023-10-07 09:00:00,2023-10-07 17:00:00
2023-10-08 00:00:00,2023-10-08 09:00:00,2023-10-08 17:00:00
2023-10-09 00:00:00,2023-10-09 09:00:00,2023-10-09 17:00:00
2023-10-10 00:00:00,2023-10-10 09:00:00,2023-10-10 17:00:00
2023-10-11 00:00:00,2023-10-11 09:00:00,2023-10-11 17:00:00
2023-10-12 00:00:00,2023-10-12 09:00:00,2023-10-12 17:00:00
2023-10-13 00:00:00,2023-10-13 09:00:00,2023-10-13 17:00:00
2023-10-14 00:00:00,2023-10-14 09:00:00,2023-10-14 17:00:00
2023-10-15 00:00:00,2023-10-15 09:00:00,2023-10-15 17:00:00
2023-10-16 00:00:00,2023-10-16 09:00:00,2023-10-16 17:00:00
2023-10-17 00:00:00,2023-10-17 09:00:00,2023-10-17 17:00:00
2023-10-18 00:00:00,2023-10-18 09:00:00,2023-10-18 17:00:00
2023-10-19 00:00:00,2023-10-19 09:00:00,2023-10-19 17:00:00
2023-10-20 00:00:00,2023-10-20 09:00:00,2023-10-20 17:00:00
2023-10-21 00:00:00,2023-10-21 09:00:00,2023-10-21 17:00:00
2023-10-22 00:00:00,2023-10-22 09:00:00,2023-10-22 17:00:00
2023-10-23 00:00:00,2023-10-23 09:00:00,2023-10-23 17:00:00
2023-10-24 00:00:00,2023-10-24 09:00:00,2023-10-24 17:00:00
2023-10-25 00:00:00,2023-10-25 09:00:00,2023-10-25 17:00:00
2023-10-26 00:00:00,2023-10-26 09:00:00,2023-10-26 17:00:00
2023-10-27 00:00:00,2023-10-27 09:00:00,2023-10-27 17:00:00
2023-10-28 00:00:00,2023-10-28 09:00:00,2023-10-28 17:00:00
2023-10-29 00:00:00,2023-10-29 09:00:00,2023-10-29 17:00:00
2023-10-30 00:00:00,2023-10-30 09:00:00,2023-10-30 17:00:00
2023-10-31 00:00:00,2023-10-31 09:00:00,2023-10-31 17:00:00
2023-11-01 00:00:00,2023-11-01 09:00:00,2023-11-01 17:00:00
2023-11-02 00:00:00,2023-11-02 09:00:00,2023-11-02 17:00:00
2023-11-03 00:00:00,2023-11-03 09:00:00,2023-11-03 17:00:00
2023-11-04 00:00:00,2023-11-04 09:00:00,2023-11-04 17:00:00
2023-11-05 00:00:00,2023-11-05 09:00:00,2023-11-05 17:00:00
2023-11-06 00:00:00,2023-11-06 09:00:00,2023-11-06 17:00:00
2023-11-07 00:00:00,2023-11-07 09:00:00,2023-11-07 17:00:00
2023-11-08 00:00:00,2023-11-08 09:00:00,2023-11-08 17:00:00
2023-11-09 00:00:00,2023-11-09 09:00:00,2023-11-09 17:00:00
2023-11-10 00:00:00,2023-11-10 09:00:00,2023-11-10 17:00:00
2023-11-11 00:00:00,2023-11-11 09:00:00,2023-11-11 17:00:00
2023-11-12 00:00:00,2023-11-12 09:00:00,2023-11-12 17:00:00
2023-11-13 00:00:00,2023-11-13 09:00:00,2023-11-13 17:00:00
2023-11-14 00:00:00,2023-11-14 09:00:00,2023-11-14 17:00:00
2023-11-15 00:00:00,2023-11-15 09:00:00,2023-11-15 17:00:00
2023-11-16 00:00:00,2023-11-16 09:00:00,2023-11-16 17:00:00
2023-11-17 00:00:00,2023-11-17 09:00:00,2023-11-17 17:00:00
2023-11-18 00:00:00,2023-11-18 09:00:00,2023-11-18 17:00:00
2023-11-19 00:00:00,2023-11-19 09:00:00,2023-11-19 17:00:00
2023-11-20 00:00:00,2023-11-20 09:00:00,2023-11-20 17:00:00
2023-11-21 00:00:00,2023-11-21 09:00:00,2023-11-21 17:00:00
2023-11-22 00:00:00,2023-11-22 09:00:00,2023-11-22 17:00:00
2023-11-23 00:00:00,2023-11-23 09:00:00,2023-11-23 17:00:00
2023-11-24 00:00:00,2023-11-24 09:00:00,2023-11-24 17:00:00
2023-11-25 00:00:00,2023-11-25 09:00:00,2023-11-25 17:00:00
2023-11-26 00:00:00,2023-11-26 09:00:00,2023-11-26 17:00:00
2023-11-27 00:00:00,2023-11-27 09:00:00,2023-11-27 17:00:00
2023-11-28 00:00:00,2023-11-28 09:00:00,2023-11-28 17:00:00
2023-11-29 00:00:00,2023-11-29 09:00:00,2023-11-29 17:00:00
2023-11-30 00:00:00,2023-11-30 09:00:00,2023-11-30 17:00:00
2023-12-01 00:00:00,2023-12-01 09:00:00,2023-12-01 17:00:00
2023-12-02 00:00:00,2023-12-02 09:00:00,2023-12-02 17:00:00
2023-12-03 00:00:00,2023-12-03 09:00:00,2023-12-03 17:00:00
2023-12-04 00:00:00,2023-12-04 09:00:00,2023-12-04 17:00:00
2023-12-05 00:00:00,2023-12-05 09:00:00,2023-12-05 17:00:00
2023-12-06 00:00:00,2023-12-06 09:00:00,2023-12-06 17:00:00
2023-12-07 00:00:00,2023-12-07 09:00:00,2023-12-07 17:00:00
2023-12-08 00:00:00,2023-12-08 09:00:00,2023-12-08 17:00:00
2023-12-09 00:00:00,2023-12-09 09:00:00,2023-12-09 17:00:00
2023-12-10 00:00:00,2023-12-10 09:00:00,2023-12-10 17:00:00
2023-12-11 00:00:00,2023-12-11 09:00:00,2023-12-11 17:00:00
2023-12-12 00:00:00,2023-12-12 09:00:00,2023-12-12 17:00:00
2023-12-13 00:00:00,2023-12-13 09:00:00,2023-12-13 17:00:00
2023-12-14 00:00:00,2023-12-14 09:00:00,2023-12-14 17:00:00
2023-12-15 00:00:00,2023-12-15 09:00:00,2023-12-15 17:00:00
2023-12-16 00:00:00,2023-12-16 09:00:00,2023-12-16 17:00:00
2023-12-17 00:00:00,2023-12-17 09:00:00,2023-12-17 17:00:00
2023-12-18 00:00:00,2023-12-18 09:00:00,2023-12-18 17:00:00
2023-12-19 00:00:00,2023-12-19 09:00:00,2023-12-19 17:00:00
2023-12-20 00:00:00,2023-12-20 09:00:00,2023-12-20 17:00:00
2023-12-21 00:00:00,2023-12-21 09:00:00,2023-12-21 17:00:00
2023-12-22 00:00:00,2023-12-22 09:00:00,2023-12-22 17:00:00
2023-12-23 00:00:00,2023-12-23 09:00:00,2023-12-23 17:00:00
2023-12-24 00:00:00,2023-12-24 09:00:00,2023-12-24 17:00:00
2023-12-25 00:00:00,2023-12-25 09:00:00,2023-12-25 17:00:00
2023-12-26 00:00:00,2023-12-26 09:00:00,2023-12-26 17:00:00
2023-12-27 00:00:00,2023-12-27 09:00:00,2023-12-27 17:00:00
2023-12-28 00:00:00,2023-12-28 09:00:00,2023-12-28 17:00:00
2023-12-29 00:00:00,2023-12-29 09:00:00,2023-12-29 17:00:00
2023-12-30 00:00:00,2023-12-30 09:00:00,2023-12-30 17:00:00
2023-12-31 00:00:00,2023-12-31 09:00:00,2023-12-31 17:00:00
2024-01-01 00:00:00,2024-01-01 09:00:00,2024-01-01 17:00:00
2024-01-02 00:00:00,2024-01-02 09:00:00,2024-01-02 17:00:00
2024-01-03 00:00:00,2024-01-03 09:00:00,2024-01-03 17:00:00
2024-01-04 00:00:00,2024-01-04 09:00:00,2024-01-04 17:00:00
2024-01-05 00:00:00,2024-01-05 09:00:00,2024-01-05 17:00:00
2024-01-06 00:00:00,2024-01-06 09:00:00,2024-01-06 17:00:00
2024-01-07 00:00:00,2024-01-07 09:00:00,2024-01-07 17:00:00
2024-01-08 00:00:00,2024-01-08 09:00:00,2024-01-08 17:00:00
2024-01-09 00:00:00,2024-01-09 09:00:00,2024-01-09 17:00:00
2024-01-10 00:00:00,2024-01-10 09:00:00,2024-01-10 17:00:00
2024-01-11 00:00:00,2024-01-11 09:00:00,2024-01-11 17:00:00
2024-01-12 00:00:00,2024-01-12 09:00:00,2024-01-12 17:00:00
2024-01-13 00:00:00,2024-01-13 09:00:00,2024-01-13 17:00:00
2024-01-14 00:00:00,2024-01-14 09:00:00,2024-01-14 17:00:00
2024-01-15 00:00:00,2024-01-15 09:00:00,2024-01-15 17:00:00
2024-01-16 00:00:00,2024-01-16 09:00:00,2024-01-16 17:00:00
2024-01-17 00:00:00,2024-01-17 09:00:00,2024-01-17 17:00:00
2024-01-18 00:00:00,2024-01-18 09:00:00,2024-01-18 17:00:00
2024-01-19 00:00:00,2024-01-19 09:00:00,2024-01-19 17:00:00
2024-01-20 00:00:00,2024-01-20 09:00:00,2024-01-20 17:00:00
2024-01-21 00:00:00,2024-01-21 09:00:00,2024-01-21 17:00:00
2024-01-22 00:00:00,2024-01-22 09:00:00,2024-01-22 17:00:00
2024-01-23 00:00:00,2024-01-23 09:00:00,2024-01-23 17:00:00
2024-01-24 00:00:00,2024-01-24 09:00:00,2024-01-24 17:00:00
2024-01-25 00:00:00,2024-01-25 09:00:00,2024-01-25 17:00:00
2024-01-26 00:00:00,2024-01-26 09:00:00,2024-01-26 17:00:00
2024-01-27 00:00:00,2024-01-27 09:00:00,2024-01-27 17:00:00
2024-01-28 00:00:00,2024-01-28 09:00:00,2024-01-28 17:00:00
2024-01-29 00:00:00,2024-01-29 09:00:00,2024-01-29 17:00:00
2024-01-30 00:00:00,2024-01-30 09:00:00,2024-01-30 17:00:00
2024-01-31 00:00:00,2024-01-31 09:00:00,2024-01-31 17:00:00
2024-02-01 00:00:00,2024-02-01 09:00:00,2024-02-01 17:00:00
2024-02-02 00:00:00,2024-02-02 09:00:00,2024-02-02 17:00:00
2024-02-03 00:00:00,2024-02-03 09:00:00,2024-02-03 17:00:00
2024-02-04 00:00:00,2024-02-04 09:00:00,2024-02-04 17:00:00
2024-02-05 00:00:00,2024-02-05 09:00:00,2024-02-05 17:00:00
2024-02-06 00:00:00,2024-02-06 09:00:00,2024-02-06 17:00:00
2024-02-07 00:00:00,2024-02-07 09:00:00,2024-02-07 17:00:00
2024-02-08 00:00:00,2024-02-08 09:00:00,2024-02-08 17:00:00
2024-02-09 00:00:00,2024-02-09 09:00:00,2024-02-09 17:00:00
2024-02-10 00:00:00,2024-02-10 09:00:00,2024-02-10 17:00:00
2024-02-11 00:00:00,2024-02-11 09:00:00,2024-02-11 17:00:00
2024-02-12 00:00:00,2024-02-12 09:00:00,2024-02-12 17:00:00
2024-02-13 00:00:00,2024-02-13 09:00:00,2024-02-13 17:00:00
2024-02-14 00:00:00,2024-02-14 09:00:00,2024-02-14 17:00:00
2024-02-15 00:00:00,2024-02-15 09:00:00,2024-02-15 17:00:00
2024-02-16 00:00:00,2024-02-16 09:00:00,2024-02-16 17:00:00
2024-02-17 00:00:00,2024-02-17 09:00:00,2024-02-17 17:00:00
2024-02-18 00:00:00,2024-02-18 09:00:00,2024-02-18 17:00:00
2024-02-19 00:00:00,2024-02-19 09:00:00,2024-02-19 17:00:00
2024-02-20 00:00:00,2024-02-20 09:00:00,2024-02-20 17:00:00
2024-02-21 00:00:00,2024-02-21 09:00:00,2024-02-21 17:00:00
2024-02-22 00:00:00,2024-02-22 09:00:00,2024-02-22 17:00:00
2024-02-23 00:00:00,2024-02-23 09:00:00,2024-02-23 17:00:00
2024-02-24 00:00:00,2024-02-24 09:00:00,2024-02-24 17:00:00
2024-02-25 00:00:00,2024-02-25 09:00:00,2024-02-25 17:00:00
2024-02-26 00:00:00,2024-02-26 09:00:00,2024-02-26 17:00:00
2024-02-27 00:00:00,2024-02-27 09:00:00,2024-02-27 17:00:00
2024-02-28 00:00:00,2024-02-28 09:00:00,2024-02-28 17:00:00
2024-02-29 00:00:00,2024-02-29 09:00:00,2024-02-29 17:00:00
2024-03-01 00:00:00,2024-03-01 09:00:00,2024-03-01 17:00:00
2024-03-02 00:00:00,2024-03-02 09:00:00,2024-03-02 17:00:00
2024-03-03 00:00:00,2024-03-03 09:00:00,2024-03-03 17:00:00
2024-03-04 00:00:00,2024-03-04 09:00:00,2024-03-04 17:00:00
2024-03-05 00:00:00,2024-03-05 09:00:00,2024-03-05 17:00:00
2024-03-06 00:00:00,2024-03-06 09:00:00,2024-03-06 17:00:00
2024-03-07 00:00:00,2024-03-07 09:00:00,2024-03-07 17:00:00
2024-03-08 00:00:00,2024-03-08 09:00:00,2024-03-08 17:00:00
2024-03-09 00:00:00,2024-03-09 09:00:00,2024-03-09 17:00:00
2024-03-10 00:00:00,2024-03-10 09:00:00,2024-03-10 17:00:00
2024-03-11 00:00:00,2024-03-11 09:00:00,2024-03-11 17:00:00
2024-03-12 00:00:00,2024-03-12 09:00:00,2024-03-12 17:00:00
2024-03-13 00:00:00,2024-03-13 09:00:00,2024-03-13 17:00:00
2024-03-14 00:00:00,2024-03-14 09:00:00,2024-03-14 17:00:00
2024-03-15 00:00:00,2024-03-15 09:00:00,2024-03-15 17:00:00
2024-03-16 00:00:00,2024-03-16 09:00:00,2024-03-16 17:00:00
2024-03-17 00:00:00,2024-03-17 09:00:00,2024-03-17 17:00:00
2024-03-18 00:00:00,2024-03-18 09:00:00,2024-03-18 17:00:00
2024-03-19 00:00:00,2024-03-19 09:00:00,2024-03-19 17:00:00
2024-03-20 00:00:00,2024-03-20 09:00:00,2024-03-20 17:00:00
2024-03-21 00:00:00,2024-03-21 09:00:00,2024-03-21 17:00:00
2024-03-22 00:00:00,2024-03-22 09:00:00,2024-03-22 17:00:00
2024-03-23 00:00:00,2024-03-23 09:00:00,2024-03-23 17:00:00
2024-03-24 00:00:00,2024-03-24 09:00:00,2024-03-24 17:00:00
2024-03-25 00:00:00,2024-03-25 09:00:00,2024-03-25 17:00:00
2024-03-26 00:00:00,2024-03-26 09:00:00,2024-03-26 17:00:00
2024-03-27 00:00:00,2024-03-27 09:00:00,2024-03-27 17:00:00
2024-03-28 00:00:00,2024-03-28 09:00:00,2024-03-28 17:00:00
2024-03-29 00:00:00,2024-03-29 09:00:00,2024-03-29 17:00:00
2024-03-30 00:00:00,2024-03-30 09:00:00,2024-03-30 17:00:00
2024-03-31 00:00:00,2024-03-31 09:00:00,2024-03-31 17:00:00
2024-04-01 00:00:00,2024-04-01 09:00:00,2024-04-01 17:00:00
2024-04-02 00:00:00,2024-04-02 09:00:00,2024-04-02 17:00:00
2024-04-03 00:00:00,2024-04-03 09:00:00,2024-04-03 17:00:00
2024-04-04 00:00:00,2024-04-04 09:00:00,2024-04-04 17:00:00
2024-04-05 00:00:00,2024-04-05 09:00:00,2024-04-05 17:00:00
2024-04-06 00:00:00,2024-04-06 09:00:00,2024-04-06 17:00:00
2024-04-07 00:00:00,2024-04-07 09:00:00,2024-04-07 17:00:00
2024-04-08 00:00:00,2024-04-08 09:00:00,2024-04-08 17:00:00
2024-04-09 00:00:00,2024-04-09 09:00:00,2024-04-09 17:00:00
2024-04-10 00:00:00,2024-04-10 09:00:00,2024-04-10 17:00:00
2024-04-11 00:00:00,2024-04-11 09:00:00,2024-04-11 17:00:00
2024-04-12 00:00:00,2024-04-12 09:00:00,2024-04-12 17:00:00
2024-04-13 00:00:00,2024-04-13 09:00:00,2024-04-13 17:00:00
2024-04-14 00:00:00,2024-04-14 09:00:00,2024-04-14 17:00:00
2024-04-15 00:00:00,2024-04-15 09:00:00,2024-04-15 17:00:00
2024-04-16 00:00:00,2024-04-16 09:00:00,2024-04-16 17:00:00
2024-04-17 00:00:00,2024-04-17 09:00:00,2024-04-17 17:00:00
2024-04-18 00:00:00,2024-04-18 09:00:00,2024-04-18 17:00:00
2024-04-19 00:00:00,2024-04-19 09:00:00,2024-04-19 17:00:00
2024-04-20 00:00:00,2024-04-20 09:00:00,2024-04-20 17:00:00
2024-04-21 00:00:00,2024-04-21 09:00:00,2024-04-21 17:00:00
2024-04-22 00:00:00,2024-04-22 09:00:00,2024-04-22 17:00:00
2024-04-23 00:00:00,2024-04-23 09:00:00,2024-04-23 17:00:00
2024-04-24 00:00:00,2024-04-24 09:00:00,2024-04-24 17:00:00
2024-04-25 00:00:00,2024-04-25 09:00:00,2024-04-25 17:00:00
2024-04-26 00:00:00,2024-04-26 09:00:00,2024-04-26 17:00:00
2024-04-27 00:00:00,2024-04-27 09:00:00,2024-04-27 17:00:00
2024-04-28 00:00:00,2024-04-28 09:00:00,2024-04-28 17:00:00
2024-04-29 00:00:00,2024-04-29 09:00:00,2024-04-29 17:00:00
2024-04-30 00:00:00,2024-04-30 09:00:00,2024-04-30 17:00:00
2024-05-01 00:00:00,2024-05-01 09:00:00,2024-05-01 17:00:00
2024-05-02 00:00:00,2024-05-02 09:00:00,2024-05-02 17:00:00
2024-05-03 00:00:00,2024-05-03 09:00:00,2024-05-03 17:00:00
2024-05-04 00:00:00,2024-05-04 09:00:00,2024-05-04 17:00:00
2024-05-05 00:00:00,2024-05-05 09:00:00,2024-05-05 17:00:00
2024-05-06 00:00:00,2024-05-06 09:00:00,2024-05-06 17:00:00
2024-05-07 00:00:00,2024-05-07 09:00:00,2024-05-07 17:00:00
2024-05-08 00:00:00,2024-05-08 09:00:00,2024-05-08 17:00:00
2024-05-09 00:00:00,2024-05-09 09:00:00,2024-05-09 17:00:00
2024-05-10 00:00:00,2024-05-10 09:00:00,2024-05-10 17:00:00
2024-05-11 00:00:00,2024-05-11 09:00:00,2024-05-11 17:00:00
2024-05-12 00:00:00,2024-05-12 09:00:00,2024-05-12 17:00:00
2024-05-13 00:00:00,2024-05-13 09:00:00,2024-05-13 17:00:00
2024-05-14 00:00:00,2024-05-14 09:00:00,2024-05-14 17:00:00
2024-05-15 00:00:00,2024-05-15 09:00:00,2024-05-15 17:00:00
2024-05-16 00:00:00,2024-05-16 09:00:00,2024-05-16 17:00:00
2024-05-17 00:00:00,2024-05-17 09:00:00,2024-05-17 17:00:00
2024-05-18 00:00:00,2024-05-18 09:00:00,2024-05-18 17:00:00
2024-05-19 00:00:00,2024-05-19 09:00:00,2024-05-19 17:00:00
2024-05-20 00:00:00,2024-05-20 09:00:00,2024-05-20 17:00:00
2024-05-21 00:00:00,2024-05-21 09:00:00,2024-05-21 17:00:00
2024-05-22 00:00:00,2024-05-22 09:00:00,2024-05-22 17:00:00
2024-05-23 00:00:00,2024-05-23 09:00:00,2024-05-23 17:00:00
2024-05-24 00:00:00,2024-05-24 09:00:00,2024-05-24 17:00:00
2024-05-25 00:00:00,2024-05-25 09:00:00,2024-05-25 17:00:00
2024-05-26 00:00:00,2024-05-26 09:00:00,2024-05-26 17:00:00
2024-05-27 00:00:00,2024-05-27 09:00:00,2024-05-27 17:00:00
2024-05-28 00:00:00,2024-05-28 09:00:00,2024-05-28 17:00:00
2024-05-29 00:00:00,2024-05-29 09:00:00,2024-05-29 17:00:00
2024-05-30 00:00:00,2024-05-30 09:00:00,2024-05-30 17:00:00
2024-05-31 00:00:00,2024-05-31 09:00:00,2024-05-31 17:00:00
2024-06-01 00:00:00,2024-06-01 09:00:00,2024-06-01 17:00:00
2024-06-02 00:00:00,2024-06-02 09:00:00,2024-06-02 17:00:00
2024-06-03 00:00:00,2024-06-03 09:00:00,2024-06-03 17:00:00
2024-06-04 00:00:00,2024-06-04 09:00:00,2024-06-04 17:00:00
2024-06-05 00:00:00,2024-06-05 09:00:00,2024-06-05 17:00:00
2024-06-06 00:00:00,2024-06-06 09:00:00,2024-06-06 17:00:00
2024-06-07 00:00:00,2024-06-07 09:00:00,2024-06-07 17:00:00
2024-06-08 00:00:00,2024-06-08 09:00:00,2024-06-08 17:00:00
2024-06-09 00:00:00,2024-06-09 09:00:00,2024-06-09 17:00:00
2024-06-10 00:00:00,2024-06-10 09:00:00,2024-06-10 17:00:00
2024-06-11 00:00:00,2024-06-11 09:00:00,2024-06-11 17:00:00
2024-06-12 00:00:00,2024-06-12 09:00:00,2024-06-12 17:00:00
2024-06-13 00:00:00,2024-06-13 09:00:00,2024-06-13 17:00:00
2024-06-14 00:00:00,2024-06-14 09:00:00,2024-06-14 17:00:00
2024-06-15 00:00:00,2024-06-15 09:00:00,2024-06-15 17:00:00
2024-06-16 00:00:00,2024-06-16 09:00:00,2024-06-16 17:00:00
2024-06-17 00:00:00,2024-06-17 09:00:00,2024-06-17 17:00:00
2024-06-18 00:00:00,2024-06-18 09:00:00,2024-06-18 17:00:00
2024-06-19 00:00:00,2024-06-19 09:00:00,2024-06-19 17:00:00
2024-06-20 00:00:00,2024-06-20 09:00:00,2024-06-20 17:00:00
2024-06-21 00:00:00,2024-06-21 09:00:00,2024-06-21 17:00:00
2024-06-22 00:00:00,2024-06-22 09:00:00,2024-06-22 17:00:00
2024-06-23 00:00:00,2024-06-23 09:00:00,2024-06-23 17:00:00
2024-06-24 00:00:00,2024-06-24 09:00:00,2024-06-24 17:00:00
2024-06-25 00:00:00,2024-06-25 09:00:00,2024-06-25 17:00:00
2024-06-26 00:00:00,2024-06-26 09:00:00,2024-06-26 17:00:00
2024-06-27 00:00:00,2024-06-27 09:00:00,2024-06-27 17:00:00
2024-06-28 00:00:00,2024-06-28 09:00:00,2024-06-28 17:00:00
2024-06-29 00:00:00,2024-06-29 09:00:00,2024-06-29 17:00:00
2024-06-30 00:00:00,2024-06-30 09:00:00,2024-06-30 17:00:00
2024-07-01 00:00:00,2024-07-01 09:00:00,2024-07-01 17:00:00
2024-07-02 00:00:00,2024-07-02 09:00:00,2024-07-02 17:00:00
2024-07-03 00:00:00,2024-07-03 09:00:00,2024-07-03 17:00:00
2024-07-04 00:00:00,2024-07-04 09:00:00,2024-07-04 17:00:00
2024-07-05 00:00:00,2024-07-05 09:00:00,2024-07-05 17:00:00
2024-07-06 00:00:00,2024-07-06 09:00:00,2024-07-06 17:00:00
2024-07-07 00:00:00,2024-07-07 09:00:00,2024-07-07 17:00:00
2024-07-08 00:00:00,2024-07-08 09:00:00,2024-07-08 17:00:00
2024-07-09 00:00:00,2024-07-09 09:00:00,2024-07-09 17:00:00
2024-07-10 00:00:00,2024-07-10 09:00:00,2024-07-10 17:00:00
2024-07-11 00:00:00,2024-07-11 09:00:00,2024-07-11 17:00:00
2024-07-12 00:00:00,2024-07-12 09:00:00,2024-07-12 17:00:00
2024-07-13 00:00:00,2024-07-13 09:00:00,2024-07-13 17:00:00
2024-07-14 00:00:00,2024-07-14 09:00:00,2024-07-14 17:00:00
2024-07-15 00:00:00,2024-07-15 09:00:00,2024-07-15 17:00:00
2024-07-16 00:00:00,2024-07-16 09:00:00,2024-07-16 17:00:00
2024-07-17 00:00:00,2024-07-17 09:00:00,2024-07-17 17:00:00
2024-07-18 00:00:00,2024-07-18 09:00:00,2024-07-18 17:00:00
2024-07-19 00:00:00,2024-07-19 09:00:00,2024-07-19 17:00:00
2024-07-20 00:00:00,2024-07-20 09:00:00,2024-07-20 17:00:00
2024-07-21 00:00:00,2024-07-21 09:00:00,2024-07-21 17:00:00
2024-07-22 00:00:00,2024-07-22 09:00:00,2024-07-22 17:00:00
2024-07-23 00:00:00,2024-07-23 09:00:00,2024-07-23 17:00:00
2024-07-24 00:00:00,2024-07-24 09:00:00,2024-07-24 17:00:00
2024-07-25 00:00:00,2024-07-25 09:00:00,2024-07-25 17:00:00
2024-07-26 00:00:00,2024-07-26 09:00:00,2024-07-26 17:00:00
2024-07-27 00:00:00,2024-07-27 09:00:00,2024-07-27 17:00:00
2024-07-28 00:00:00,2024-07-28 09:00:00,2024-07-28 17:00:00
2024-07-29 00:00:00,2024-07-29 09:00:00,2024-07-29 17:00:00
2024-07-30 00:00:00,2024-07-30 09:00:00,2024-07-30 17:00:00
2024-07-31 00:00:00,2024-07-31 09:00:00,2024-07-31 17:00:00
2024-08-01 00:00:00,2024-08-01 09:00:00,2024-08-01 17:00:00
2024-08-02 00:00:00,2024-08-02 09:00:00,2024-08-02 17:00:00
2024-08-03 00:00:00,2024-08-03 09:00:00,2024-08-03 17:00:00
2024-08-04 00:00:00,2024-08-04 09:00:00,2024-08-04 17:00:00
2024-08-05 00:00:00,2024-08-05 09:00:00,2024-08-05 17:00:00
2024-08-06 00:00:00,2024-08-06 09:00:00,2024-08-06 17:00:00
2024-08-07 00:00:00,2024-08-07 09:00:00,2024-08-07 17:00:00
2024-08-08 00:00:00,2024-08-08 09:00:00,2024-08-08 17:00:00
2024-08-09 00:00:00,2024-08-09 09:00:00,2024-08-09 17:00:00
2024-08-10 00:00:00,2024-08-10 09:00:00,2024-08-10 17:00:00
2024-08-11 00:00:00,2024-08-11 09:00:00,2024-08-11 17:00:00
2024-08-12 00:00:00,2024-08-12 09:00:00,2024-08-12 17:00:00
2024-08-13 00:00:00,2024-08-13 09:00:00,2024-08-13 17:00:00
2024-08-14 00:00:00,2024-08-14 09:00:00,2024-08-14 17:00:00
2024-08-15 00:00:00,2024-08-15 09:00:00,2024-08-15 17:00:00
2024-08-16 00:00:00,2024-08-16 09:00:00,2024-08-16 17:00:00
2024-08-17 00:00:00,2024-08-17 09:00:00,2024-08-17 17:00:00
2024-08-18 00:00:00,2024-08-18 09:00:00,2024-08-18 17:00:00
2024-08-19 00:00:00,2024-08-19 09:00:00,2024-08-19 17:00:00
2024-08-20 00:00:00,2024-08-20 09:00:00,2024-08-20 17:00:00
2024-08-21 00:00:00,2024-08-21 09:00:00,2024-08-21 17:00:00
2024-08-22 00:00:00,2024-08-22 09:00:00,2024-08-22 17:00:00
2024-08-23 00:00:00,2024-08-23 09:00:00,2024-08-23 17:00:00
2024-08-24 00:00:00,2024-08-24 09:00:00,2024-08-24 17:00:00
2024-08-25 00:00:00,2024-08-25 09:00:00,2024-08-25 17:00:00
2024-08-26 00:00:00,2024-08-26 09:00:00,2024-08-26 17:00:00
2024-08-27 00:00:00,2024-08-27 09:00:00,2024-08-27 17:00:00
2024-08-28 00:00:00,2024-08-28 09:00:00,2024-08-28 17:00:00
2024-08-29 00:00:00,2024-08-29 09:00:00,2024-08-29 17:00:00
2024-08-30 00:00:00,2024-08-30 09:00:00,2024-08-30 17:00:00
2024-08-31 00:00:00,2024-08-31 09:00:00,2024-08-31 17:00:00
2024-09-01 00:00:00,2024-09-01 09:00:00,2024-09-01 17:00:00
2024-09-02 00:00:00,2024-09-02 09:00:00,2024-09-02 17:00:00
2024-09-03 00:00:00,2024-09-03 09:00:00,2024-09-03 17:00:00
2024-09-04 00:00:00,2024-09-04 09:00:00,2024-09-04 17:00:00
2024-09-05 00:00:00,2024-09-05 09:00:00,2024-09-05 17:00:00
2024-09-06 00:00:00,2024-09-06 09:00:00,2024-09-06 17:00:00
2024-09-07 00:00:00,2024-09-07 09:00:00,2024-09-07 17:00:00
2024-09-08 00:00:00,2024-09-08 09:00:00,2024-09-08 17:00:00
2024-09-09 00:00:00,2024-09-09 09:00:00,2024-09-09 17:00:00
2024-09-10 00:00:00,2024-09-10 09:00:00,2024-09-10 17:00:00
2024-09-11 00:00:00,2024-09-11 09:00:00,2024-09-11 17:00:00
2024-09-12 00:00:00,2024-09-12 09:00:00,2024-09-12 17:00:00
2024-09-13 00:00:00,2024-09-13 09:00:00,2024-09-13 17:00:00
2024-09-14 00:00:00,2024-09-14 09:00:00,2024-09-14 17:00:00
2024-09-15 00:00:00,2024-09-15 09:00:00,2024-09-15 17:00:00
2024-09-16 00:00:00,2024-09-16 09:00:00,2024-09-16 17:00:00
2024-09-17 00:00:00,2024-09-17 09:00:00,2024-09-17 17:00:00
2024-09-18 00:00:00,2024-09-18 09:00:00,2024-09-18 17:00:00
2024-09-19 00:00:00,2024-09-19 09:00:00,2024-09-19 17:00:00
2024-09-20 00:00:00,2024-09-20 09:00:00,2024-09-20 17:00:00
2024-09-21 00:00:00,2024-09-21 09:00:00,2024-09-21 17:00:00
2024-09-22 00:00:00,2024-09-22 09:00:00,2024-09-22 17:00:00
2024-09-23 00:00:00,2024-09-23 09:00:00,2024-09-23 17:00:00
2024-09-24 00:00:00,2024-09-24 09:00:00,2024-09-24 17:00:00
2024-09-25 00:00:00,2024-09-25 09:00:00,2024-09-25 17:00:00
2024-09-26 00:00:00,2024-09-26 09:00:00,2024-09-26 17:00:00
2024-09-27 00:00:00,2024-09-27 09:00:00,2024-09-27 17:00:00
2024-09-28 00:00:00,2024-09-28 09:00:00,2024-09-28 17:00:00
2024-09-29 00:00:00,2024-09-29 09:00:00,2024-09-29 17:00:00
2024-09-30 00:00:00,2024-09-30 09:00:00,2024-09-30 17:00:00
2024-10-01 00:00:00,2024-10-01 09:00:00,2024-10-01 17:00:00
2024-10-02 00:00:00,2024-10-02 09:00:00,2024-10-02 17:00:00
2024-10-03 00:00:00,2024-10-03 09:00:00,2024-10-03 17:00:00
2024-10-04 00:00:00,2024-10-04 09:00:00,2024-10-04 17:00:00
2024-10-05 00:00:00,2024-10-05 09:00:00,2024-10-05 17:00:00
2024-10-06 00:00:00,2024-10-06 09:00:00,2024-10-06 17:00:00
2024-10-07 00:00:00,2024-10-07 09:00:00,2024-10-07 17:00:00
2024-10-08 00:00:00,2024-10-08 09:00:00,2024-10-08 17:00:00
2024-10-09 00:00:00,2024-10-09 09:00:00,2024-10-09 17:00:00
2024-10-10 00:00:00,2024-10-10 09:00:00,2024-10-10 17:00:00
2024-10-11 00:00:00,2024-10-11 09:00:00,2024-10-11 17:00:00
2024-10-12 00:00:00,2024-10-12 09:00:00,2024-10-12 17:00:00
2024-10-13 00:00:00,2024-10-13 09:00:00,2024-10-13 17:00:00
2024-10-14 00:00:00,2024-10-14 09:00:00,2024-10-14 17:00:00
2024-10-15 00:00:00,2024-10-15 09:00:00,2024-10-15 17:00:00
2024-10-16 00:00:00,2024-10-16 09:00:00,2024-10-16 17:00:00
2024-10-17 00:00:00,2024-10-17 09:00:00,2024-10-17 17:00:00
2024-10-18 00:00:00,2024-10-18 09:00:00,2024-10-18 17:00:00
2024-10-19 00:00:00,2024-10-19 09:00:00,2024-10-19 17:00:00
2024-10-20 00:00:00,2024-10-20 09:00:00,2024-10-20 17:00:00
2024-10-21 00:00:00,2024-10-21 09:00:00,2024-10-21 17:00:00
2024-10-22 00:00:00,2024-10-22 09:00:00,2024-10-22 17:00:00
2024-10-23 00:00:00,2024-10-23 09:00:00,2024-10-23 17:00:00
2024-10-24 00:00:00,2024-10-24 09:00:00,2024-10-24 17:00:00
2024-10-25 00:00:00,2024-10-25 09:00:00,2024-10-25 17:00:00
2024-10-26 00:00:00,2024-10-26 09:00:00,2024-10-26 17:00:00
2024-10-27 00:00:00,2024-10-27 09:00:00,2024-10-27 17:00:00
2024-10-28 00:00:00,2024-10-28 09:00:00,2024-10-28 17:00:00
2024-10-29 00:00:00,2024-10-29 09:00:00,2024-10-29 17:00:00
2024-10-30 00:00:00,2024-10-30 09:00:00,2024-10-30 17:00:00
2024-10-31 00:00:00,2024-10-31 09:00:00,2024-10-31 17:00:00
2024-11-01 00:00:00,2024-11-01 09:00:00,2024-11-01 17:00:00
2024-11-02 00:00:00,2024-11-02 09:00:00,2024-11-02 17:00:00
2024-11-03 00:00:00,2024-11-03 09:00:00,2024-11-03 17:00:00
2024-11-04 00:00:00,2024-11-04 09:00:00,2024-11-04 17:00:00
2024-11-05 00:00:00,2024-11-05 09:00:00,2024-11-05 17:00:00
2024-11-06 00:00:00,2024-11-06 09:00:00,2024-11-06 17:00:00
2024-11-07 00:00:00,2024-11-07 09:00:00,2024-11-07 17:00:00
2024-11-08 00:00:00,2024-11-08 09:00:00,2024-11-08 17:00:00
2024-11-09 00:00:00,2024-11-09 09:00:00,2024-11-09 17:00:00
2024-11-10 00:00:00,2024-11-10 09:00:00,2024-11-10 17:00:00
2024-11-11 00:00:00,2024-11-11 09:00:00,2024-11-11 17:00:00
2024-11-12 00:00:00,2024-11-12 09:00:00,2024-11-12 17:00:00
2024-11-13 00:00:00,2024-11-13 09:00:00,2024-11-13 17:00:00
2024-11-14 00:00:00,2024-11-14 09:00:00,2024-11-14 17:00:00
2024-11-15 00:00:00,2024-11-15 09:00:00,2024-11-15 17:00:00
2024-11-16 00:00:00,2024-11-16 09:00:00,2024-11-16 17:00:00
2024-11-17 00:00:00,2024-11-17 09:00:00,2024-11-17 17:00:00
2024-11-18 00:00:00,2024-11-18 09:00:00,2024-11-18 17:00:00
2024-11-19 00:00:00,2024-11-19 09:00:00,2024-11-19 17:00:00
2024-11-20 00:00:00,2024-11-20 09:00:00,2024-11-20 17:00:00
2024-11-21 00:00:00,2024-11-21 09:00:00,2024-11-21 17:00:00
2024-11-22 00:00:00,2024-11-22 09:00:00,2024-11-22 17:00:00
2024-11-23 00:00:00,2024-11-23 09:00:00,2024-11-23 17:00:00
2024-11-24 00:00:00,2024-11-24 09:00:00,2024-11-24 17:00:00
2024-11-25 00:00:00,2024-11-25 09:00:00,2024-11-25 17:00:00
2024-11-26 00:00:00,2024-11-26 09:00:00,2024-11-26 17:00:00
2024-11-27 00:00:00,2024-11-27 09:00:00,2024-11-27 17:00:00
2024-11-28 00:00:00,2024-11-28 09:00:00,2024-11-28 17:00:00
2024-11-29 00:00:00,2024-11-29 09:00:00,2024-11-29 17:00:00
2024-11-30 00:00:00,2024-11-30 09:00:00,2024-11-30 17:00:00
2024-12-01 00:00:00,2024-12-01 09:00:00,2024-12-01 17:00:00
2024-12-02 00:00:00,2024-12-02 09:00:00,2024-12-02 17:00:00
2024-12-03 00:00:00,2024-12-03 09:00:00,2024-12-03 17:00:00
2024-12-04 00:00:00,2024-12-04 09:00:00,2024-12-04 17:00:00
2024-12-05 00:00:00,2024-12-05 09:00:00,2024-12-05 17:00:00
2024-12-06 00:00:00,2024-12-06 09:00:00,2024-12-06 17:00:00
2024-12-07 00:00:00,2024-12-07 09:00:00,2024-12-07 17:00:00
2024-12-08 00:00:00,2024-12-08 09:00:00,2024-12-08 17:00:00
2024-12-09 00:00:00,2024-12-09 09:00:00,2024-12-09 17:00:00
2024-12-10 00:00:00,2024-12-10 09:00:00,2024-12-10 17:00:00
2024-12-11 00:00:00,2024-12-11 09:00:00,2024-12-11 17:00:00
2024-12-12 00:00:00,2024-12-12 09:00:00,2024-12-12 17:00:00
2024-12-13 00:00:00,2024-12-13 09:00:00,2024-12-13 17:00:00
2024-12-14 00:00:00,2024-12-14 09:00:00,2024-12-14 17:00:00
2024-12-15 00:00:00,2024-12-15 09:00:00,2024-12-15 17:00:00
2024-12-16 00:00:00,2024-12-16 09:00:00,2024-12-16 17:00:00
2024-12-17 00:00:00,2024-12-17 09:00:00,2024-12-17 17:00:00
2024-12-18 00:00:00,2024-12-18 09:00:00,2024-12-18 17:00:00
2024-12-19 00:00:00,2024-12-19 09:00:00,2024-12-19 17:00:00
2024-12-20 00:00:00,2024-12-20 09:00:00,2024-12-20 17:00:00
2024-12-21 00:00:00,2024-12-21 09:00:00,2024-12-21 17:00:00
2024-12-22 00:00:00,2024-12-22 09:00:00,2024-12-22 17:00:00
2024-12-23 00:00:00,2024-12-23 09:00:00,2024-12-23 17:00:00
2024-12-24 00:00:00,2024-12-24 09:00:00,2024-12-24 17:00:00
2024-12-25 00:00:00,2024-12-25 09:00:00,2024-12-25 17:00:00
2024-12-26 00:00:00,2024-12-26 09:00:00,2024-12-26 17:00:00
2024-12-27 00:00:00,2024-12-27 09:00:00,2024-12-27 17:00:00
2024-12-28 00:00:00,2024-12-28 09:00:00,2024-12-28 17:00:00
2024-12-29 00:00:00,2024-12-29 09:00:00,2024-12-29 17:00:00
2024-12-30 00:00:00,2024-12-30 09:00:00,2024-12-30 17:00:00
2024-12-31 00:00:00,2024-12-31 09:00:00,2024-12-31 17:00:00
2025-01-01 00:00:00,2025-01-01 09:00:00,2025-01-01 17:00:00
2025-01-02 00:00:00,2025-01-02 09:00:00,2025-01-02 17:00:00
2025-01-03 00:00:00,2025-01-03 09:00:00,2025-01-03 17:00:00
2025-01-04 00:00:00,2025-01-04 09:00:00,2025-01-04 17:00:00
2025-01-05 00:00:00,2025-01-05 09:00:00,2025-01-05 17:00:00
2025-01-06 00:00:00,2025-01-06 09:00:00,2025-01-06 17:00:00
2025-01-07 00:00:00,2025-01-07 09:00:00,2025-01-07 17:00:00
2025-01-08 00:00:00,2025-01-08 09:00:00,2025-01-08 17:00:00
2025-01-09 00:00:00,2025-01-09 09:00:00,2025-01-09 17:00:00
2025-01-10 00:00:00,2025-01-10 09:00:00,2025-01-10 17:00:00
2025-01-11 00:00:00,2025-01-11 09:00:00,2025-01-11 17:00:00
2025-01-12 00:00:00,2025-01-12 09:00:00,2025-01-12 17:00:00
2025-01-13 00:00:00,2025-01-13 09:00:00,2025-01-13 17:00:00
2025-01-14 00:00:00,2025-01-14 09:00:00,2025-01-14 17:00:00
2025-01-15 00:00:00,2025-01-15 09:00:00,2025-01-15 17:00:00
2025-01-16 00:00:00,2025-01-16 09:00:00,2025-01-16 17:00:00
2025-01-17 00:00:00,2025-01-17 09:00:00,2025-01-17 17:00:00